'C:\Users\Lucas Venezian Povoa\git\tonerscheduling\resources\0.txt',3,3,9,0.074,0.0,2
'C:\Users\Lucas Venezian Povoa\git\tonerscheduling\resources\1.txt',12,10,120,0.089,0.0,7
'C:\Users\Lucas Venezian Povoa\git\tonerscheduling\resources\10.txt',101,101,10201,0.201,0.0,99
'C:\Users\Lucas Venezian Povoa\git\tonerscheduling\resources\100.txt',16,31,496,0.216,0.0,17
'C:\Users\Lucas Venezian Povoa\git\tonerscheduling\resources\1000.txt',601,601,361201,7.341,32847.0,600
'C:\Users\Lucas Venezian Povoa\git\tonerscheduling\resources\1001.txt',601,601,361201,14.605,35713.0,600
'C:\Users\Lucas Venezian Povoa\git\tonerscheduling\resources\1002.txt',601,601,361201,20.667,29019.0,600
'C:\Users\Lucas Venezian Povoa\git\tonerscheduling\resources\1003.txt',601,601,361201,39.843,70085.0,293
'C:\Users\Lucas Venezian Povoa\git\tonerscheduling\resources\1004.txt',601,601,361201,59.113,70993.0,299
'C:\Users\Lucas Venezian Povoa\git\tonerscheduling\resources\1005.txt',601,601,361201,79.011,67932.0,297
'C:\Users\Lucas Venezian Povoa\git\tonerscheduling\resources\1006.txt',601,601,361201,98.179,70181.0,327
'C:\Users\Lucas Venezian Povoa\git\tonerscheduling\resources\1007.txt',601,601,361201,117.841,74832.0,318
'C:\Users\Lucas Venezian Povoa\git\tonerscheduling\resources\1008.txt',601,601,361201,137.768,79008.0,306
'C:\Users\Lucas Venezian Povoa\git\tonerscheduling\resources\1009.txt',601,601,361201,157.85,73386.0,294
'C:\Users\Lucas Venezian Povoa\git\tonerscheduling\resources\101.txt',16,31,496,157.861,0.0,12
'C:\Users\Lucas Venezian Povoa\git\tonerscheduling\resources\1010.txt',601,601,361201,176.958,68588.0,290
'C:\Users\Lucas Venezian Povoa\git\tonerscheduling\resources\1011.txt',601,601,361201,196.711,71716.0,308
'C:\Users\Lucas Venezian Povoa\git\tonerscheduling\resources\1012.txt',601,601,361201,216.517,72482.0,311
'C:\Users\Lucas Venezian Povoa\git\tonerscheduling\resources\1013.txt',601,601,361201,223.593,29853.0,600
'C:\Users\Lucas Venezian Povoa\git\tonerscheduling\resources\1014.txt',601,601,361201,229.684,26601.0,600
'C:\Users\Lucas Venezian Povoa\git\tonerscheduling\resources\1015.txt',601,601,361201,236.279,32962.0,600
'C:\Users\Lucas Venezian Povoa\git\tonerscheduling\resources\1016.txt',601,601,361201,242.168,21139.0,600
'C:\Users\Lucas Venezian Povoa\git\tonerscheduling\resources\1017.txt',601,601,361201,248.279,27265.0,600
'C:\Users\Lucas Venezian Povoa\git\tonerscheduling\resources\1018.txt',601,601,361201,255.532,33680.0,600
'C:\Users\Lucas Venezian Povoa\git\tonerscheduling\resources\1019.txt',601,601,361201,261.255,24135.0,600
'C:\Users\Lucas Venezian Povoa\git\tonerscheduling\resources\102.txt',16,31,496,261.262,0.0,13
'C:\Users\Lucas Venezian Povoa\git\tonerscheduling\resources\1020.txt',601,601,361201,268.724,36504.0,600
'C:\Users\Lucas Venezian Povoa\git\tonerscheduling\resources\1021.txt',601,601,361201,274.99,28560.0,600
'C:\Users\Lucas Venezian Povoa\git\tonerscheduling\resources\1022.txt',601,601,361201,281.896,31793.0,600
'C:\Users\Lucas Venezian Povoa\git\tonerscheduling\resources\1023.txt',601,601,361201,286.679,21512.0,600
'C:\Users\Lucas Venezian Povoa\git\tonerscheduling\resources\1024.txt',601,601,361201,290.535,11164.0,600
'C:\Users\Lucas Venezian Povoa\git\tonerscheduling\resources\1025.txt',601,601,361201,295.02,16380.0,600
'C:\Users\Lucas Venezian Povoa\git\tonerscheduling\resources\1026.txt',601,601,361201,298.941,17501.0,600
'C:\Users\Lucas Venezian Povoa\git\tonerscheduling\resources\1027.txt',601,601,361201,302.796,14737.0,600
'C:\Users\Lucas Venezian Povoa\git\tonerscheduling\resources\1028.txt',601,601,361201,307.038,17157.0,600
'C:\Users\Lucas Venezian Povoa\git\tonerscheduling\resources\1029.txt',601,601,361201,310.136,8127.0,600
'C:\Users\Lucas Venezian Povoa\git\tonerscheduling\resources\103.txt',16,31,496,310.144,0.0,13
'C:\Users\Lucas Venezian Povoa\git\tonerscheduling\resources\1030.txt',601,601,361201,314.831,18671.0,600
'C:\Users\Lucas Venezian Povoa\git\tonerscheduling\resources\1031.txt',601,601,361201,318.902,15170.0,600
'C:\Users\Lucas Venezian Povoa\git\tonerscheduling\resources\1032.txt',601,601,361201,323.781,26316.0,600
'C:\Users\Lucas Venezian Povoa\git\tonerscheduling\resources\1033.txt',601,601,361201,327.062,7248.0,600
'C:\Users\Lucas Venezian Povoa\git\tonerscheduling\resources\1034.txt',601,601,361201,331.307,18561.0,600
'C:\Users\Lucas Venezian Povoa\git\tonerscheduling\resources\1035.txt',601,601,361201,333.973,4636.0,600
'C:\Users\Lucas Venezian Povoa\git\tonerscheduling\resources\1036.txt',601,601,361201,337.05,11779.0,600
'C:\Users\Lucas Venezian Povoa\git\tonerscheduling\resources\1037.txt',601,601,361201,340.383,10098.0,600
'C:\Users\Lucas Venezian Povoa\git\tonerscheduling\resources\1038.txt',601,601,361201,343.986,15960.0,600
'C:\Users\Lucas Venezian Povoa\git\tonerscheduling\resources\1039.txt',601,601,361201,347.281,8860.0,600
'C:\Users\Lucas Venezian Povoa\git\tonerscheduling\resources\104.txt',16,31,496,347.288,0.0,11
'C:\Users\Lucas Venezian Povoa\git\tonerscheduling\resources\1040.txt',601,601,361201,350.862,13768.0,600
'C:\Users\Lucas Venezian Povoa\git\tonerscheduling\resources\1041.txt',601,601,361201,354.211,8219.0,600
'C:\Users\Lucas Venezian Povoa\git\tonerscheduling\resources\1042.txt',601,601,361201,357.544,10590.0,600
'C:\Users\Lucas Venezian Povoa\git\tonerscheduling\resources\1043.txt',601,601,361201,361.422,13252.0,600
'C:\Users\Lucas Venezian Povoa\git\tonerscheduling\resources\1044.txt',601,601,361201,364.407,5244.0,600
'C:\Users\Lucas Venezian Povoa\git\tonerscheduling\resources\1045.txt',601,601,361201,367.574,10823.0,600
'C:\Users\Lucas Venezian Povoa\git\tonerscheduling\resources\1046.txt',601,601,361201,370.022,4626.0,600
'C:\Users\Lucas Venezian Povoa\git\tonerscheduling\resources\1047.txt',601,601,361201,373.061,8022.0,600
'C:\Users\Lucas Venezian Povoa\git\tonerscheduling\resources\1048.txt',601,601,361201,376.623,14363.0,600
'C:\Users\Lucas Venezian Povoa\git\tonerscheduling\resources\1049.txt',601,601,361201,380.177,8680.0,600
'C:\Users\Lucas Venezian Povoa\git\tonerscheduling\resources\105.txt',16,31,496,380.184,0.0,13
'C:\Users\Lucas Venezian Povoa\git\tonerscheduling\resources\1050.txt',601,601,361201,383.08,5494.0,600
'C:\Users\Lucas Venezian Povoa\git\tonerscheduling\resources\1051.txt',601,601,361201,386.572,10442.0,600
'C:\Users\Lucas Venezian Povoa\git\tonerscheduling\resources\1052.txt',601,601,361201,390.197,9385.0,600
'C:\Users\Lucas Venezian Povoa\git\tonerscheduling\resources\1053.txt',601,601,361201,393.042,2325.0,600
'C:\Users\Lucas Venezian Povoa\git\tonerscheduling\resources\1054.txt',601,601,361201,395.722,4525.0,600
'C:\Users\Lucas Venezian Povoa\git\tonerscheduling\resources\1055.txt',601,601,361201,398.513,4961.0,600
'C:\Users\Lucas Venezian Povoa\git\tonerscheduling\resources\1056.txt',601,601,361201,401.363,3822.0,600
'C:\Users\Lucas Venezian Povoa\git\tonerscheduling\resources\1057.txt',601,601,361201,404.275,5314.0,600
'C:\Users\Lucas Venezian Povoa\git\tonerscheduling\resources\1058.txt',601,601,361201,407.57,9084.0,600
'C:\Users\Lucas Venezian Povoa\git\tonerscheduling\resources\1059.txt',601,601,361201,410.344,6293.0,600
'C:\Users\Lucas Venezian Povoa\git\tonerscheduling\resources\106.txt',16,31,496,410.37,0.0,13
'C:\Users\Lucas Venezian Povoa\git\tonerscheduling\resources\1060.txt',601,601,361201,412.775,3187.0,600
'C:\Users\Lucas Venezian Povoa\git\tonerscheduling\resources\1061.txt',601,601,361201,415.119,3183.0,600
'C:\Users\Lucas Venezian Povoa\git\tonerscheduling\resources\1062.txt',601,601,361201,418.028,6804.0,600
'C:\Users\Lucas Venezian Povoa\git\tonerscheduling\resources\1063.txt',601,601,361201,420.4,3307.0,600
'C:\Users\Lucas Venezian Povoa\git\tonerscheduling\resources\1064.txt',601,601,361201,422.717,3257.0,600
'C:\Users\Lucas Venezian Povoa\git\tonerscheduling\resources\1065.txt',601,601,361201,425.197,3330.0,600
'C:\Users\Lucas Venezian Povoa\git\tonerscheduling\resources\1066.txt',601,601,361201,427.723,3493.0,600
'C:\Users\Lucas Venezian Povoa\git\tonerscheduling\resources\1067.txt',601,601,361201,430.433,3895.0,600
'C:\Users\Lucas Venezian Povoa\git\tonerscheduling\resources\1068.txt',601,601,361201,432.807,4214.0,600
'C:\Users\Lucas Venezian Povoa\git\tonerscheduling\resources\1069.txt',601,601,361201,435.709,6898.0,600
'C:\Users\Lucas Venezian Povoa\git\tonerscheduling\resources\107.txt',16,31,496,435.736,0.0,17
'C:\Users\Lucas Venezian Povoa\git\tonerscheduling\resources\1070.txt',601,601,361201,437.988,2197.0,600
'C:\Users\Lucas Venezian Povoa\git\tonerscheduling\resources\1071.txt',601,601,361201,440.975,9871.0,600
'C:\Users\Lucas Venezian Povoa\git\tonerscheduling\resources\1072.txt',601,601,361201,443.311,3020.0,600
'C:\Users\Lucas Venezian Povoa\git\tonerscheduling\resources\1073.txt',601,601,361201,462.985,89369.0,439
'C:\Users\Lucas Venezian Povoa\git\tonerscheduling\resources\1074.txt',601,601,361201,485.132,102517.0,442
'C:\Users\Lucas Venezian Povoa\git\tonerscheduling\resources\1075.txt',601,601,361201,507.333,91262.0,430
'C:\Users\Lucas Venezian Povoa\git\tonerscheduling\resources\1076.txt',601,601,361201,528.913,85372.0,446
'C:\Users\Lucas Venezian Povoa\git\tonerscheduling\resources\1077.txt',601,601,361201,552.615,97616.0,428
'C:\Users\Lucas Venezian Povoa\git\tonerscheduling\resources\1078.txt',601,601,361201,576.16,93914.0,433
'C:\Users\Lucas Venezian Povoa\git\tonerscheduling\resources\1079.txt',601,601,361201,603.689,101872.0,427
'C:\Users\Lucas Venezian Povoa\git\tonerscheduling\resources\108.txt',16,41,656,603.724,0.0,12
'C:\Users\Lucas Venezian Povoa\git\tonerscheduling\resources\1080.txt',601,601,361201,632.903,84033.0,474
'C:\Users\Lucas Venezian Povoa\git\tonerscheduling\resources\1081.txt',601,601,361201,665.76,94214.0,448
'C:\Users\Lucas Venezian Povoa\git\tonerscheduling\resources\1082.txt',601,601,361201,697.261,98372.0,453
'C:\Users\Lucas Venezian Povoa\git\tonerscheduling\resources\1083.txt',601,601,361201,700.991,2795.0,600
'C:\Users\Lucas Venezian Povoa\git\tonerscheduling\resources\1084.txt',601,601,361201,704.906,2783.0,600
'C:\Users\Lucas Venezian Povoa\git\tonerscheduling\resources\1085.txt',601,601,361201,708.809,3849.0,600
'C:\Users\Lucas Venezian Povoa\git\tonerscheduling\resources\1086.txt',601,601,361201,711.904,1768.0,600
'C:\Users\Lucas Venezian Povoa\git\tonerscheduling\resources\1087.txt',601,601,361201,714.125,1885.0,600
'C:\Users\Lucas Venezian Povoa\git\tonerscheduling\resources\1088.txt',601,601,361201,716.206,1234.0,600
'C:\Users\Lucas Venezian Povoa\git\tonerscheduling\resources\1089.txt',601,601,361201,718.519,3216.0,600
'C:\Users\Lucas Venezian Povoa\git\tonerscheduling\resources\109.txt',16,41,656,718.544,0.0,13
'C:\Users\Lucas Venezian Povoa\git\tonerscheduling\resources\1090.txt',601,601,361201,720.722,2102.0,600
'C:\Users\Lucas Venezian Povoa\git\tonerscheduling\resources\1091.txt',601,601,361201,722.776,2282.0,600
'C:\Users\Lucas Venezian Povoa\git\tonerscheduling\resources\1092.txt',601,601,361201,724.902,1916.0,600
'C:\Users\Lucas Venezian Povoa\git\tonerscheduling\resources\1093.txt',601,601,361201,726.674,741.0,600
'C:\Users\Lucas Venezian Povoa\git\tonerscheduling\resources\1094.txt',601,601,361201,728.368,1235.0,600
'C:\Users\Lucas Venezian Povoa\git\tonerscheduling\resources\1095.txt',601,601,361201,730.548,3321.0,600
'C:\Users\Lucas Venezian Povoa\git\tonerscheduling\resources\1096.txt',601,601,361201,732.473,1392.0,600
'C:\Users\Lucas Venezian Povoa\git\tonerscheduling\resources\1097.txt',601,601,361201,734.543,3363.0,600
'C:\Users\Lucas Venezian Povoa\git\tonerscheduling\resources\1098.txt',601,601,361201,736.868,5854.0,600
'C:\Users\Lucas Venezian Povoa\git\tonerscheduling\resources\1099.txt',601,601,361201,738.728,1281.0,600
'C:\Users\Lucas Venezian Povoa\git\tonerscheduling\resources\110.txt',16,41,656,738.743,0.0,14
'C:\Users\Lucas Venezian Povoa\git\tonerscheduling\resources\1100.txt',601,601,361201,740.547,1157.0,600
'C:\Users\Lucas Venezian Povoa\git\tonerscheduling\resources\1101.txt',601,601,361201,742.436,1419.0,600
'C:\Users\Lucas Venezian Povoa\git\tonerscheduling\resources\1102.txt',601,601,361201,744.351,1659.0,600
'C:\Users\Lucas Venezian Povoa\git\tonerscheduling\resources\1103.txt',601,601,361201,759.438,93411.0,535
'C:\Users\Lucas Venezian Povoa\git\tonerscheduling\resources\1104.txt',601,601,361201,775.319,103464.0,545
'C:\Users\Lucas Venezian Povoa\git\tonerscheduling\resources\1105.txt',601,601,361201,792.337,114772.0,521
'C:\Users\Lucas Venezian Povoa\git\tonerscheduling\resources\1106.txt',601,601,361201,807.105,87703.0,542
'C:\Users\Lucas Venezian Povoa\git\tonerscheduling\resources\1107.txt',601,601,361201,823.159,104400.0,544
'C:\Users\Lucas Venezian Povoa\git\tonerscheduling\resources\1108.txt',601,601,361201,838.841,102713.0,524
'C:\Users\Lucas Venezian Povoa\git\tonerscheduling\resources\1109.txt',601,601,361201,854.206,94130.0,532
'C:\Users\Lucas Venezian Povoa\git\tonerscheduling\resources\111.txt',16,41,656,854.232,0.0,15
'C:\Users\Lucas Venezian Povoa\git\tonerscheduling\resources\1110.txt',601,601,361201,868.732,82252.0,544
'C:\Users\Lucas Venezian Povoa\git\tonerscheduling\resources\1111.txt',601,601,361201,884.219,89806.0,527
'C:\Users\Lucas Venezian Povoa\git\tonerscheduling\resources\1112.txt',601,601,361201,899.038,91206.0,537
'C:\Users\Lucas Venezian Povoa\git\tonerscheduling\resources\1113.txt',601,601,361201,911.87,69507.0,574
'C:\Users\Lucas Venezian Povoa\git\tonerscheduling\resources\1114.txt',601,601,361201,926.438,92949.0,577
'C:\Users\Lucas Venezian Povoa\git\tonerscheduling\resources\1115.txt',601,601,361201,942.569,100676.0,570
'C:\Users\Lucas Venezian Povoa\git\tonerscheduling\resources\1116.txt',601,601,361201,958.92,102128.0,577
'C:\Users\Lucas Venezian Povoa\git\tonerscheduling\resources\1117.txt',601,601,361201,973.064,79096.0,572
'C:\Users\Lucas Venezian Povoa\git\tonerscheduling\resources\1118.txt',601,601,361201,988.256,77385.0,568
'C:\Users\Lucas Venezian Povoa\git\tonerscheduling\resources\1119.txt',601,601,361201,960.371,96155.0,571
'C:\Users\Lucas Venezian Povoa\git\tonerscheduling\resources\112.txt',16,41,656,960.415,0.0,10
'C:\Users\Lucas Venezian Povoa\git\tonerscheduling\resources\1120.txt',601,601,361201,977.815,98397.0,577
'C:\Users\Lucas Venezian Povoa\git\tonerscheduling\resources\1121.txt',601,601,361201,994.202,89167.0,575
'C:\Users\Lucas Venezian Povoa\git\tonerscheduling\resources\1122.txt',601,601,361201,1010.238,87787.0,571
'C:\Users\Lucas Venezian Povoa\git\tonerscheduling\resources\1123.txt',76,76,5776,1010.322,0.0,74
'C:\Users\Lucas Venezian Povoa\git\tonerscheduling\resources\1124.txt',76,76,5776,1010.387,0.0,75
'C:\Users\Lucas Venezian Povoa\git\tonerscheduling\resources\1125.txt',76,76,5776,1010.456,0.0,75
'C:\Users\Lucas Venezian Povoa\git\tonerscheduling\resources\1126.txt',76,76,5776,1010.522,0.0,75
'C:\Users\Lucas Venezian Povoa\git\tonerscheduling\resources\1127.txt',76,76,5776,1010.586,0.0,75
'C:\Users\Lucas Venezian Povoa\git\tonerscheduling\resources\1128.txt',76,76,5776,1010.691,0.0,51
'C:\Users\Lucas Venezian Povoa\git\tonerscheduling\resources\1129.txt',76,76,5776,1010.836,0.0,44
'C:\Users\Lucas Venezian Povoa\git\tonerscheduling\resources\113.txt',16,41,656,1010.88,0.0,14
'C:\Users\Lucas Venezian Povoa\git\tonerscheduling\resources\1130.txt',76,76,5776,1011.013,0.0,47
'C:\Users\Lucas Venezian Povoa\git\tonerscheduling\resources\1131.txt',76,76,5776,1011.122,0.0,39
'C:\Users\Lucas Venezian Povoa\git\tonerscheduling\resources\1132.txt',76,76,5776,1011.281,0.0,43
'C:\Users\Lucas Venezian Povoa\git\tonerscheduling\resources\1133.txt',76,76,5776,1011.388,5.0,61
'C:\Users\Lucas Venezian Povoa\git\tonerscheduling\resources\1134.txt',76,76,5776,1011.471,0.0,58
'C:\Users\Lucas Venezian Povoa\git\tonerscheduling\resources\1135.txt',76,76,5776,1011.588,0.0,61
'C:\Users\Lucas Venezian Povoa\git\tonerscheduling\resources\1136.txt',76,76,5776,1011.675,0.0,59
'C:\Users\Lucas Venezian Povoa\git\tonerscheduling\resources\1137.txt',76,76,5776,1011.763,0.0,59
'C:\Users\Lucas Venezian Povoa\git\tonerscheduling\resources\1138.txt',76,76,5776,1011.865,0.0,66
'C:\Users\Lucas Venezian Povoa\git\tonerscheduling\resources\1139.txt',76,76,5776,1011.932,0.0,72
'C:\Users\Lucas Venezian Povoa\git\tonerscheduling\resources\114.txt',16,41,656,1011.954,0.0,13
'C:\Users\Lucas Venezian Povoa\git\tonerscheduling\resources\1140.txt',76,76,5776,1012.025,0.0,66
'C:\Users\Lucas Venezian Povoa\git\tonerscheduling\resources\1141.txt',76,76,5776,1012.096,0.0,66
'C:\Users\Lucas Venezian Povoa\git\tonerscheduling\resources\1142.txt',76,76,5776,1012.154,0.0,71
'C:\Users\Lucas Venezian Povoa\git\tonerscheduling\resources\1143.txt',76,76,5776,1012.228,0.0,75
'C:\Users\Lucas Venezian Povoa\git\tonerscheduling\resources\1144.txt',76,76,5776,1012.289,0.0,75
'C:\Users\Lucas Venezian Povoa\git\tonerscheduling\resources\1145.txt',76,76,5776,1012.346,0.0,74
'C:\Users\Lucas Venezian Povoa\git\tonerscheduling\resources\1146.txt',76,76,5776,1012.424,0.0,73
'C:\Users\Lucas Venezian Povoa\git\tonerscheduling\resources\1147.txt',76,76,5776,1012.5,0.0,74
'C:\Users\Lucas Venezian Povoa\git\tonerscheduling\resources\1148.txt',801,801,641601,1040.706,224734.0,784
'C:\Users\Lucas Venezian Povoa\git\tonerscheduling\resources\1149.txt',801,801,641601,1066.132,170871.0,779
'C:\Users\Lucas Venezian Povoa\git\tonerscheduling\resources\115.txt',16,41,656,1066.152,0.0,11
'C:\Users\Lucas Venezian Povoa\git\tonerscheduling\resources\1150.txt',801,801,641601,1092.84,185495.0,794
'C:\Users\Lucas Venezian Povoa\git\tonerscheduling\resources\1151.txt',801,801,641601,1118.945,170192.0,785
'C:\Users\Lucas Venezian Povoa\git\tonerscheduling\resources\1152.txt',801,801,641601,1145.119,199015.0,786
'C:\Users\Lucas Venezian Povoa\git\tonerscheduling\resources\1153.txt',801,801,641601,1170.801,194655.0,791
'C:\Users\Lucas Venezian Povoa\git\tonerscheduling\resources\1154.txt',801,801,641601,1197.239,186199.0,790
'C:\Users\Lucas Venezian Povoa\git\tonerscheduling\resources\1155.txt',801,801,641601,1224.615,199351.0,784
'C:\Users\Lucas Venezian Povoa\git\tonerscheduling\resources\1156.txt',801,801,641601,1250.146,183708.0,783
'C:\Users\Lucas Venezian Povoa\git\tonerscheduling\resources\1157.txt',801,801,641601,1274.425,173708.0,788
'C:\Users\Lucas Venezian Povoa\git\tonerscheduling\resources\1158.txt',801,801,641601,1295.872,120525.0,798
'C:\Users\Lucas Venezian Povoa\git\tonerscheduling\resources\1159.txt',801,801,641601,1319.906,148423.0,798
'C:\Users\Lucas Venezian Povoa\git\tonerscheduling\resources\116.txt',16,41,656,1319.939,0.0,16
'C:\Users\Lucas Venezian Povoa\git\tonerscheduling\resources\1160.txt',801,801,641601,1343.615,150954.0,799
'C:\Users\Lucas Venezian Povoa\git\tonerscheduling\resources\1161.txt',801,801,641601,1367.632,156773.0,797
'C:\Users\Lucas Venezian Povoa\git\tonerscheduling\resources\1162.txt',801,801,641601,1391.615,150226.0,797
'C:\Users\Lucas Venezian Povoa\git\tonerscheduling\resources\1163.txt',801,801,641601,1416.309,162995.0,800
'C:\Users\Lucas Venezian Povoa\git\tonerscheduling\resources\1164.txt',801,801,641601,1440.489,156449.0,798
'C:\Users\Lucas Venezian Povoa\git\tonerscheduling\resources\1165.txt',801,801,641601,1461.332,120238.0,798
'C:\Users\Lucas Venezian Povoa\git\tonerscheduling\resources\1166.txt',801,801,641601,1482.946,135714.0,800
'C:\Users\Lucas Venezian Povoa\git\tonerscheduling\resources\1167.txt',801,801,641601,1507.16,168503.0,798
'C:\Users\Lucas Venezian Povoa\git\tonerscheduling\resources\1168.txt',801,801,641601,1522.173,106084.0,800
'C:\Users\Lucas Venezian Povoa\git\tonerscheduling\resources\1169.txt',801,801,641601,1537.694,102878.0,800
'C:\Users\Lucas Venezian Povoa\git\tonerscheduling\resources\117.txt',16,41,656,1537.72,0.0,12
'C:\Users\Lucas Venezian Povoa\git\tonerscheduling\resources\1170.txt',801,801,641601,1552.605,93682.0,800
'C:\Users\Lucas Venezian Povoa\git\tonerscheduling\resources\1171.txt',801,801,641601,1568.32,110931.0,800
'C:\Users\Lucas Venezian Povoa\git\tonerscheduling\resources\1172.txt',801,801,641601,1582.996,103921.0,800
'C:\Users\Lucas Venezian Povoa\git\tonerscheduling\resources\1173.txt',801,801,641601,1599.503,139823.0,800
'C:\Users\Lucas Venezian Povoa\git\tonerscheduling\resources\1174.txt',801,801,641601,1614.332,116731.0,800
'C:\Users\Lucas Venezian Povoa\git\tonerscheduling\resources\1175.txt',801,801,641601,1628.66,96710.0,800
'C:\Users\Lucas Venezian Povoa\git\tonerscheduling\resources\1176.txt',801,801,641601,1645.005,123822.0,800
'C:\Users\Lucas Venezian Povoa\git\tonerscheduling\resources\1177.txt',801,801,641601,1657.011,67533.0,800
'C:\Users\Lucas Venezian Povoa\git\tonerscheduling\resources\1178.txt',801,801,641601,1697.821,149594.0,417
'C:\Users\Lucas Venezian Povoa\git\tonerscheduling\resources\1179.txt',801,801,641601,1737.957,144843.0,403
'C:\Users\Lucas Venezian Povoa\git\tonerscheduling\resources\118.txt',16,51,816,1737.984,0.0,16
'C:\Users\Lucas Venezian Povoa\git\tonerscheduling\resources\1180.txt',801,801,641601,1779.337,154123.0,418
'C:\Users\Lucas Venezian Povoa\git\tonerscheduling\resources\1181.txt',801,801,641601,1821.048,155651.0,427
'C:\Users\Lucas Venezian Povoa\git\tonerscheduling\resources\1182.txt',801,801,641601,1860.713,143912.0,412
'C:\Users\Lucas Venezian Povoa\git\tonerscheduling\resources\1183.txt',801,801,641601,1901.752,146358.0,424
'C:\Users\Lucas Venezian Povoa\git\tonerscheduling\resources\1184.txt',801,801,641601,1942.744,145018.0,412
'C:\Users\Lucas Venezian Povoa\git\tonerscheduling\resources\1185.txt',801,801,641601,1984.44,157738.0,405
'C:\Users\Lucas Venezian Povoa\git\tonerscheduling\resources\1186.txt',801,801,641601,2025.526,155877.0,427
'C:\Users\Lucas Venezian Povoa\git\tonerscheduling\resources\1187.txt',801,801,641601,2066.257,150197.0,421
'C:\Users\Lucas Venezian Povoa\git\tonerscheduling\resources\1188.txt',801,801,641601,2082.391,123558.0,800
'C:\Users\Lucas Venezian Povoa\git\tonerscheduling\resources\1189.txt',801,801,641601,2097.386,108592.0,799
'C:\Users\Lucas Venezian Povoa\git\tonerscheduling\resources\119.txt',16,51,816,2097.406,0.0,15
'C:\Users\Lucas Venezian Povoa\git\tonerscheduling\resources\1190.txt',801,801,641601,2111.323,98312.0,800
'C:\Users\Lucas Venezian Povoa\git\tonerscheduling\resources\1191.txt',801,801,641601,2125.633,97731.0,800
'C:\Users\Lucas Venezian Povoa\git\tonerscheduling\resources\1192.txt',801,801,641601,2139.915,100554.0,800
'C:\Users\Lucas Venezian Povoa\git\tonerscheduling\resources\1193.txt',801,801,641601,2153.597,89391.0,800
'C:\Users\Lucas Venezian Povoa\git\tonerscheduling\resources\1194.txt',801,801,641601,2167.315,78517.0,800
'C:\Users\Lucas Venezian Povoa\git\tonerscheduling\resources\1195.txt',801,801,641601,2182.647,120789.0,800
'C:\Users\Lucas Venezian Povoa\git\tonerscheduling\resources\1196.txt',801,801,641601,2196.498,94028.0,800
'C:\Users\Lucas Venezian Povoa\git\tonerscheduling\resources\1197.txt',801,801,641601,2209.575,85594.0,800
'C:\Users\Lucas Venezian Povoa\git\tonerscheduling\resources\1198.txt',801,801,641601,2220.091,55480.0,800
'C:\Users\Lucas Venezian Povoa\git\tonerscheduling\resources\1199.txt',801,801,641601,2231.013,61567.0,800
'C:\Users\Lucas Venezian Povoa\git\tonerscheduling\resources\120.txt',16,51,816,2231.038,0.0,14
'C:\Users\Lucas Venezian Povoa\git\tonerscheduling\resources\1200.txt',801,801,641601,2241.356,47144.0,800
'C:\Users\Lucas Venezian Povoa\git\tonerscheduling\resources\1201.txt',801,801,641601,2254.102,77428.0,800
'C:\Users\Lucas Venezian Povoa\git\tonerscheduling\resources\1202.txt',801,801,641601,2265.926,65610.0,800
'C:\Users\Lucas Venezian Povoa\git\tonerscheduling\resources\1203.txt',801,801,641601,2276.167,42585.0,800
'C:\Users\Lucas Venezian Povoa\git\tonerscheduling\resources\1204.txt',801,801,641601,2288.014,56278.0,800
'C:\Users\Lucas Venezian Povoa\git\tonerscheduling\resources\1205.txt',801,801,641601,2298.365,49729.0,800
'C:\Users\Lucas Venezian Povoa\git\tonerscheduling\resources\1206.txt',801,801,641601,2311.255,82357.0,800
'C:\Users\Lucas Venezian Povoa\git\tonerscheduling\resources\1207.txt',801,801,641601,2325.892,95221.0,800
'C:\Users\Lucas Venezian Povoa\git\tonerscheduling\resources\1208.txt',801,801,641601,2335.971,47163.0,800
'C:\Users\Lucas Venezian Povoa\git\tonerscheduling\resources\1209.txt',801,801,641601,2344.927,42033.0,800
'C:\Users\Lucas Venezian Povoa\git\tonerscheduling\resources\121.txt',16,51,816,2344.956,0.0,15
'C:\Users\Lucas Venezian Povoa\git\tonerscheduling\resources\1210.txt',801,801,641601,2353.633,36359.0,800
'C:\Users\Lucas Venezian Povoa\git\tonerscheduling\resources\1211.txt',801,801,641601,2364.138,51071.0,800
'C:\Users\Lucas Venezian Povoa\git\tonerscheduling\resources\1212.txt',801,801,641601,2374.738,59714.0,800
'C:\Users\Lucas Venezian Povoa\git\tonerscheduling\resources\1213.txt',801,801,641601,2382.983,30241.0,800
'C:\Users\Lucas Venezian Povoa\git\tonerscheduling\resources\1214.txt',801,801,641601,2391.897,43428.0,800
'C:\Users\Lucas Venezian Povoa\git\tonerscheduling\resources\1215.txt',801,801,641601,2402.044,47565.0,800
'C:\Users\Lucas Venezian Povoa\git\tonerscheduling\resources\1216.txt',801,801,641601,2411.577,40602.0,800
'C:\Users\Lucas Venezian Povoa\git\tonerscheduling\resources\1217.txt',801,801,641601,2422.048,47322.0,800
'C:\Users\Lucas Venezian Povoa\git\tonerscheduling\resources\1218.txt',801,801,641601,2430.679,34580.0,800
'C:\Users\Lucas Venezian Povoa\git\tonerscheduling\resources\1219.txt',801,801,641601,2440.309,45645.0,800
'C:\Users\Lucas Venezian Povoa\git\tonerscheduling\resources\122.txt',16,51,816,2440.332,0.0,14
'C:\Users\Lucas Venezian Povoa\git\tonerscheduling\resources\1220.txt',801,801,641601,2448.501,32113.0,800
'C:\Users\Lucas Venezian Povoa\git\tonerscheduling\resources\1221.txt',801,801,641601,2457.734,36134.0,800
'C:\Users\Lucas Venezian Povoa\git\tonerscheduling\resources\1222.txt',801,801,641601,2467.73,46213.0,800
'C:\Users\Lucas Venezian Povoa\git\tonerscheduling\resources\1223.txt',801,801,641601,2930.687,24433.0,800
'C:\Users\Lucas Venezian Povoa\git\tonerscheduling\resources\1224.txt',801,801,641601,2941.277,33424.0,800
'C:\Users\Lucas Venezian Povoa\git\tonerscheduling\resources\1225.txt',801,801,641601,2951.121,50651.0,800
'C:\Users\Lucas Venezian Povoa\git\tonerscheduling\resources\1226.txt',801,801,641601,2959.435,35837.0,800
'C:\Users\Lucas Venezian Povoa\git\tonerscheduling\resources\1227.txt',801,801,641601,2967.842,21086.0,800
'C:\Users\Lucas Venezian Povoa\git\tonerscheduling\resources\1228.txt',801,801,641601,2974.297,27983.0,800
'C:\Users\Lucas Venezian Povoa\git\tonerscheduling\resources\1229.txt',801,801,641601,2980.844,27869.0,800
'C:\Users\Lucas Venezian Povoa\git\tonerscheduling\resources\123.txt',16,51,816,2980.884,0.0,13
'C:\Users\Lucas Venezian Povoa\git\tonerscheduling\resources\1230.txt',801,801,641601,2987.497,26026.0,800
'C:\Users\Lucas Venezian Povoa\git\tonerscheduling\resources\1231.txt',801,801,641601,2993.831,33380.0,800
'C:\Users\Lucas Venezian Povoa\git\tonerscheduling\resources\1232.txt',801,801,641601,3000.318,28658.0,800
'C:\Users\Lucas Venezian Povoa\git\tonerscheduling\resources\1233.txt',801,801,641601,3007.236,30571.0,800
'C:\Users\Lucas Venezian Povoa\git\tonerscheduling\resources\1234.txt',801,801,641601,3014.279,39477.0,800
'C:\Users\Lucas Venezian Povoa\git\tonerscheduling\resources\1235.txt',801,801,641601,3019.826,16752.0,800
'C:\Users\Lucas Venezian Povoa\git\tonerscheduling\resources\1236.txt',801,801,641601,3024.915,13622.0,800
'C:\Users\Lucas Venezian Povoa\git\tonerscheduling\resources\1237.txt',801,801,641601,3031.428,26096.0,800
'C:\Users\Lucas Venezian Povoa\git\tonerscheduling\resources\1238.txt',801,801,641601,3037.781,22700.0,800
'C:\Users\Lucas Venezian Povoa\git\tonerscheduling\resources\1239.txt',801,801,641601,3043.134,15228.0,800
'C:\Users\Lucas Venezian Povoa\git\tonerscheduling\resources\124.txt',16,51,816,3043.16,0.0,12
'C:\Users\Lucas Venezian Povoa\git\tonerscheduling\resources\1240.txt',801,801,641601,3048.863,17654.0,800
'C:\Users\Lucas Venezian Povoa\git\tonerscheduling\resources\1241.txt',801,801,641601,3056.313,33133.0,800
'C:\Users\Lucas Venezian Povoa\git\tonerscheduling\resources\1242.txt',801,801,641601,3063.544,27427.0,800
'C:\Users\Lucas Venezian Povoa\git\tonerscheduling\resources\1243.txt',801,801,641601,3069.253,19871.0,800
'C:\Users\Lucas Venezian Povoa\git\tonerscheduling\resources\1244.txt',801,801,641601,3074.881,20513.0,800
'C:\Users\Lucas Venezian Povoa\git\tonerscheduling\resources\1245.txt',801,801,641601,3080.02,16197.0,800
'C:\Users\Lucas Venezian Povoa\git\tonerscheduling\resources\1246.txt',801,801,641601,3085.219,11327.0,800
'C:\Users\Lucas Venezian Povoa\git\tonerscheduling\resources\1247.txt',801,801,641601,3090.704,21230.0,800
'C:\Users\Lucas Venezian Povoa\git\tonerscheduling\resources\1248.txt',801,801,641601,3123.893,199514.0,612
'C:\Users\Lucas Venezian Povoa\git\tonerscheduling\resources\1249.txt',801,801,641601,3155.259,176311.0,595
'C:\Users\Lucas Venezian Povoa\git\tonerscheduling\resources\125.txt',16,51,816,3155.296,0.0,11
'C:\Users\Lucas Venezian Povoa\git\tonerscheduling\resources\1250.txt',801,801,641601,3189.525,203070.0,590
'C:\Users\Lucas Venezian Povoa\git\tonerscheduling\resources\1251.txt',801,801,641601,3223.543,205956.0,596
'C:\Users\Lucas Venezian Povoa\git\tonerscheduling\resources\1252.txt',801,801,641601,3257.336,205536.0,597
'C:\Users\Lucas Venezian Povoa\git\tonerscheduling\resources\1253.txt',801,801,641601,3291.204,192819.0,588
'C:\Users\Lucas Venezian Povoa\git\tonerscheduling\resources\1254.txt',801,801,641601,3325.422,210068.0,603
'C:\Users\Lucas Venezian Povoa\git\tonerscheduling\resources\1255.txt',801,801,641601,3360.007,206296.0,580
'C:\Users\Lucas Venezian Povoa\git\tonerscheduling\resources\1256.txt',801,801,641601,3394.202,205194.0,606
'C:\Users\Lucas Venezian Povoa\git\tonerscheduling\resources\1257.txt',801,801,641601,3427.91,190434.0,588
'C:\Users\Lucas Venezian Povoa\git\tonerscheduling\resources\1258.txt',801,801,641601,3433.004,18890.0,800
'C:\Users\Lucas Venezian Povoa\git\tonerscheduling\resources\1259.txt',801,801,641601,3438.056,12111.0,800
'C:\Users\Lucas Venezian Povoa\git\tonerscheduling\resources\126.txt',16,51,816,3438.084,0.0,10
'C:\Users\Lucas Venezian Povoa\git\tonerscheduling\resources\1260.txt',801,801,641601,3443.344,17755.0,800
'C:\Users\Lucas Venezian Povoa\git\tonerscheduling\resources\1261.txt',801,801,641601,3447.868,10142.0,800
'C:\Users\Lucas Venezian Povoa\git\tonerscheduling\resources\1262.txt',801,801,641601,3453.157,20872.0,800
'C:\Users\Lucas Venezian Povoa\git\tonerscheduling\resources\1263.txt',801,801,641601,3459.032,13820.0,800
'C:\Users\Lucas Venezian Povoa\git\tonerscheduling\resources\1264.txt',801,801,641601,3464.132,11640.0,800
'C:\Users\Lucas Venezian Povoa\git\tonerscheduling\resources\1265.txt',801,801,641601,3469.933,23255.0,800
'C:\Users\Lucas Venezian Povoa\git\tonerscheduling\resources\1266.txt',801,801,641601,3476.035,22589.0,800
'C:\Users\Lucas Venezian Povoa\git\tonerscheduling\resources\1267.txt',801,801,641601,3480.545,6644.0,800
'C:\Users\Lucas Venezian Povoa\git\tonerscheduling\resources\1268.txt',801,801,641601,3484.923,6056.0,800
'C:\Users\Lucas Venezian Povoa\git\tonerscheduling\resources\1269.txt',801,801,641601,3489.898,14307.0,800
'C:\Users\Lucas Venezian Povoa\git\tonerscheduling\resources\127.txt',16,51,816,3489.934,0.0,13
'C:\Users\Lucas Venezian Povoa\git\tonerscheduling\resources\1270.txt',801,801,641601,3494.252,10375.0,800
'C:\Users\Lucas Venezian Povoa\git\tonerscheduling\resources\1271.txt',801,801,641601,3498.529,10348.0,800
'C:\Users\Lucas Venezian Povoa\git\tonerscheduling\resources\1272.txt',801,801,641601,3503.754,16482.0,800
'C:\Users\Lucas Venezian Povoa\git\tonerscheduling\resources\1273.txt',801,801,641601,3508.483,14398.0,800
'C:\Users\Lucas Venezian Povoa\git\tonerscheduling\resources\1274.txt',801,801,641601,3513.607,16543.0,800
'C:\Users\Lucas Venezian Povoa\git\tonerscheduling\resources\1275.txt',801,801,641601,3518.689,15640.0,800
'C:\Users\Lucas Venezian Povoa\git\tonerscheduling\resources\1276.txt',801,801,641601,3525.175,29863.0,800
'C:\Users\Lucas Venezian Povoa\git\tonerscheduling\resources\1277.txt',801,801,641601,3530.261,10957.0,800
'C:\Users\Lucas Venezian Povoa\git\tonerscheduling\resources\1278.txt',801,801,641601,3534.519,6135.0,800
'C:\Users\Lucas Venezian Povoa\git\tonerscheduling\resources\1279.txt',801,801,641601,3538.45,5927.0,800
'C:\Users\Lucas Venezian Povoa\git\tonerscheduling\resources\128.txt',21,11,231,3538.461,0.0,9
'C:\Users\Lucas Venezian Povoa\git\tonerscheduling\resources\1280.txt',801,801,641601,3542.722,3082.0,800
'C:\Users\Lucas Venezian Povoa\git\tonerscheduling\resources\1281.txt',801,801,641601,3547.2,10764.0,800
'C:\Users\Lucas Venezian Povoa\git\tonerscheduling\resources\1282.txt',801,801,641601,3550.942,5182.0,800
'C:\Users\Lucas Venezian Povoa\git\tonerscheduling\resources\1283.txt',801,801,641601,3555.945,11644.0,800
'C:\Users\Lucas Venezian Povoa\git\tonerscheduling\resources\1284.txt',801,801,641601,3560.295,9927.0,800
'C:\Users\Lucas Venezian Povoa\git\tonerscheduling\resources\1285.txt',801,801,641601,3564.722,8542.0,800
'C:\Users\Lucas Venezian Povoa\git\tonerscheduling\resources\1286.txt',801,801,641601,3569.191,9350.0,800
'C:\Users\Lucas Venezian Povoa\git\tonerscheduling\resources\1287.txt',801,801,641601,3573.514,7294.0,800
'C:\Users\Lucas Venezian Povoa\git\tonerscheduling\resources\1288.txt',801,801,641601,3577.604,6841.0,800
'C:\Users\Lucas Venezian Povoa\git\tonerscheduling\resources\1289.txt',801,801,641601,3582.601,13784.0,800
'C:\Users\Lucas Venezian Povoa\git\tonerscheduling\resources\129.txt',21,11,231,3582.611,0.0,10
'C:\Users\Lucas Venezian Povoa\git\tonerscheduling\resources\1290.txt',801,801,641601,3587.117,10386.0,800
'C:\Users\Lucas Venezian Povoa\git\tonerscheduling\resources\1291.txt',801,801,641601,3591.994,10845.0,800
'C:\Users\Lucas Venezian Povoa\git\tonerscheduling\resources\1292.txt',801,801,641601,3595.857,7081.0,800
'C:\Users\Lucas Venezian Povoa\git\tonerscheduling\resources\1293.txt',801,801,641601,3599.886,3263.0,800
'C:\Users\Lucas Venezian Povoa\git\tonerscheduling\resources\1294.txt',801,801,641601,3604.129,7239.0,800
'C:\Users\Lucas Venezian Povoa\git\tonerscheduling\resources\1295.txt',801,801,641601,3608.448,5410.0,800
'C:\Users\Lucas Venezian Povoa\git\tonerscheduling\resources\1296.txt',801,801,641601,3612.007,3215.0,800
'C:\Users\Lucas Venezian Povoa\git\tonerscheduling\resources\1297.txt',801,801,641601,3615.504,3882.0,800
'C:\Users\Lucas Venezian Povoa\git\tonerscheduling\resources\1298.txt',801,801,641601,3650.777,217885.0,716
'C:\Users\Lucas Venezian Povoa\git\tonerscheduling\resources\1299.txt',801,801,641601,3685.652,230393.0,711
'C:\Users\Lucas Venezian Povoa\git\tonerscheduling\resources\13.txt',41,21,861,3685.705,0.0,20
'C:\Users\Lucas Venezian Povoa\git\tonerscheduling\resources\130.txt',21,11,231,3685.72,0.0,10
'C:\Users\Lucas Venezian Povoa\git\tonerscheduling\resources\1300.txt',801,801,641601,3720.118,211363.0,706
'C:\Users\Lucas Venezian Povoa\git\tonerscheduling\resources\1301.txt',801,801,641601,3755.743,233662.0,699
'C:\Users\Lucas Venezian Povoa\git\tonerscheduling\resources\1302.txt',801,801,641601,3789.523,204327.0,704
'C:\Users\Lucas Venezian Povoa\git\tonerscheduling\resources\1303.txt',801,801,641601,3825.491,225720.0,707
'C:\Users\Lucas Venezian Povoa\git\tonerscheduling\resources\1304.txt',801,801,641601,3861.195,220883.0,707
'C:\Users\Lucas Venezian Povoa\git\tonerscheduling\resources\1305.txt',801,801,641601,3895.655,218830.0,716
'C:\Users\Lucas Venezian Povoa\git\tonerscheduling\resources\1306.txt',801,801,641601,3930.918,228616.0,724
'C:\Users\Lucas Venezian Povoa\git\tonerscheduling\resources\1307.txt',801,801,641601,3965.649,206655.0,711
'C:\Users\Lucas Venezian Povoa\git\tonerscheduling\resources\1308.txt',801,801,641601,3991.144,215965.0,751
'C:\Users\Lucas Venezian Povoa\git\tonerscheduling\resources\1309.txt',801,801,641601,4015.936,201368.0,774
'C:\Users\Lucas Venezian Povoa\git\tonerscheduling\resources\131.txt',21,11,231,4015.948,0.0,10
'C:\Users\Lucas Venezian Povoa\git\tonerscheduling\resources\1310.txt',801,801,641601,4040.833,208363.0,764
'C:\Users\Lucas Venezian Povoa\git\tonerscheduling\resources\1311.txt',801,801,641601,4065.143,195770.0,764
'C:\Users\Lucas Venezian Povoa\git\tonerscheduling\resources\1312.txt',801,801,641601,4089.414,195914.0,766
'C:\Users\Lucas Venezian Povoa\git\tonerscheduling\resources\1313.txt',801,801,641601,4116.921,231947.0,763
'C:\Users\Lucas Venezian Povoa\git\tonerscheduling\resources\1314.txt',801,801,641601,4143.596,213049.0,768
'C:\Users\Lucas Venezian Povoa\git\tonerscheduling\resources\1315.txt',801,801,641601,4168.894,204775.0,764
'C:\Users\Lucas Venezian Povoa\git\tonerscheduling\resources\1316.txt',801,801,641601,4194.428,204483.0,776
'C:\Users\Lucas Venezian Povoa\git\tonerscheduling\resources\1317.txt',801,801,641601,4218.025,190996.0,770
'C:\Users\Lucas Venezian Povoa\git\tonerscheduling\resources\1318.txt',21,14,294,4218.038,0.0,12
'C:\Users\Lucas Venezian Povoa\git\tonerscheduling\resources\1319.txt',28,22,616,4218.062,0.0,15
'C:\Users\Lucas Venezian Povoa\git\tonerscheduling\resources\132.txt',21,11,231,4218.074,0.0,9
'C:\Users\Lucas Venezian Povoa\git\tonerscheduling\resources\1320.txt',21,17,357,4218.108,0.0,12
'C:\Users\Lucas Venezian Povoa\git\tonerscheduling\resources\1321.txt',32,21,672,4218.152,0.0,13
'C:\Users\Lucas Venezian Povoa\git\tonerscheduling\resources\1322.txt',106,38,4028,4218.248,0.0,34
'C:\Users\Lucas Venezian Povoa\git\tonerscheduling\resources\1323.txt',100,29,2900,4218.32,0.0,28
'C:\Users\Lucas Venezian Povoa\git\tonerscheduling\resources\1324.txt',76,21,1596,4218.381,0.0,18
'C:\Users\Lucas Venezian Povoa\git\tonerscheduling\resources\1325.txt',135,38,5130,4218.519,54.0,34
'C:\Users\Lucas Venezian Povoa\git\tonerscheduling\resources\1326.txt',69,19,1311,4218.571,0.0,17
'C:\Users\Lucas Venezian Povoa\git\tonerscheduling\resources\1327.txt',76,20,1520,4218.619,0.0,17
'C:\Users\Lucas Venezian Povoa\git\tonerscheduling\resources\1328.txt',80,22,1760,4218.658,0.0,21
'C:\Users\Lucas Venezian Povoa\git\tonerscheduling\resources\1329.txt',83,29,2407,4218.714,0.0,25
'C:\Users\Lucas Venezian Povoa\git\tonerscheduling\resources\133.txt',21,11,231,4218.723,0.0,10
'C:\Users\Lucas Venezian Povoa\git\tonerscheduling\resources\1330.txt',22,16,352,4218.742,0.0,12
'C:\Users\Lucas Venezian Povoa\git\tonerscheduling\resources\1331.txt',29,23,667,4218.75,0.0,15
'C:\Users\Lucas Venezian Povoa\git\tonerscheduling\resources\1332.txt',15,12,180,4218.755,0.0,10
'C:\Users\Lucas Venezian Povoa\git\tonerscheduling\resources\1333.txt',20,19,380,4218.782,0.0,10
'C:\Users\Lucas Venezian Povoa\git\tonerscheduling\resources\1334.txt',15,11,165,4218.786,0.0,8
'C:\Users\Lucas Venezian Povoa\git\tonerscheduling\resources\1335.txt',28,22,616,4218.806,0.0,15
'C:\Users\Lucas Venezian Povoa\git\tonerscheduling\resources\1336.txt',15,11,165,4218.81,0.0,10
'C:\Users\Lucas Venezian Povoa\git\tonerscheduling\resources\1337.txt',18,11,198,4218.817,0.0,9
'C:\Users\Lucas Venezian Povoa\git\tonerscheduling\resources\1338.txt',14,13,182,4218.821,0.0,9
'C:\Users\Lucas Venezian Povoa\git\tonerscheduling\resources\1339.txt',32,27,864,4218.84,0.0,22
'C:\Users\Lucas Venezian Povoa\git\tonerscheduling\resources\134.txt',21,11,231,4218.846,0.0,10
'C:\Users\Lucas Venezian Povoa\git\tonerscheduling\resources\1340.txt',25,21,525,4218.857,0.0,13
'C:\Users\Lucas Venezian Povoa\git\tonerscheduling\resources\1341.txt',61,50,3050,4218.891,0.0,37
'C:\Users\Lucas Venezian Povoa\git\tonerscheduling\resources\1342.txt',21,21,441,4218.908,0.0,18
'C:\Users\Lucas Venezian Povoa\git\tonerscheduling\resources\1343.txt',21,21,441,4218.926,0.0,18
'C:\Users\Lucas Venezian Povoa\git\tonerscheduling\resources\1344.txt',21,21,441,4218.957,0.0,20
'C:\Users\Lucas Venezian Povoa\git\tonerscheduling\resources\1345.txt',21,21,441,4218.997,0.0,19
'C:\Users\Lucas Venezian Povoa\git\tonerscheduling\resources\1346.txt',21,21,441,4219.028,0.0,19
'C:\Users\Lucas Venezian Povoa\git\tonerscheduling\resources\1347.txt',21,21,441,4219.07,0.0,20
'C:\Users\Lucas Venezian Povoa\git\tonerscheduling\resources\1348.txt',21,21,441,4219.093,0.0,19
'C:\Users\Lucas Venezian Povoa\git\tonerscheduling\resources\1349.txt',21,21,441,4219.129,0.0,18
'C:\Users\Lucas Venezian Povoa\git\tonerscheduling\resources\135.txt',21,11,231,4219.145,0.0,10
'C:\Users\Lucas Venezian Povoa\git\tonerscheduling\resources\1350.txt',21,21,441,4219.165,0.0,20
'C:\Users\Lucas Venezian Povoa\git\tonerscheduling\resources\1351.txt',21,21,441,4219.186,0.0,19
'C:\Users\Lucas Venezian Povoa\git\tonerscheduling\resources\1352.txt',21,21,441,4219.207,0.0,19
'C:\Users\Lucas Venezian Povoa\git\tonerscheduling\resources\1353.txt',21,21,441,4219.218,0.0,18
'C:\Users\Lucas Venezian Povoa\git\tonerscheduling\resources\1354.txt',21,21,441,4219.255,0.0,20
'C:\Users\Lucas Venezian Povoa\git\tonerscheduling\resources\1355.txt',21,21,441,4219.291,0.0,18
'C:\Users\Lucas Venezian Povoa\git\tonerscheduling\resources\1356.txt',21,21,441,4219.317,0.0,18
'C:\Users\Lucas Venezian Povoa\git\tonerscheduling\resources\1357.txt',21,21,441,4219.347,0.0,19
'C:\Users\Lucas Venezian Povoa\git\tonerscheduling\resources\1358.txt',21,21,441,4219.379,0.0,18
'C:\Users\Lucas Venezian Povoa\git\tonerscheduling\resources\1359.txt',21,21,441,4219.414,0.0,20
'C:\Users\Lucas Venezian Povoa\git\tonerscheduling\resources\136.txt',21,11,231,4219.431,0.0,9
'C:\Users\Lucas Venezian Povoa\git\tonerscheduling\resources\1360.txt',21,21,441,4219.459,0.0,20
'C:\Users\Lucas Venezian Povoa\git\tonerscheduling\resources\1361.txt',21,21,441,4219.493,0.0,18
'C:\Users\Lucas Venezian Povoa\git\tonerscheduling\resources\1362.txt',21,21,441,4219.517,0.0,20
'C:\Users\Lucas Venezian Povoa\git\tonerscheduling\resources\1363.txt',21,21,441,4219.539,0.0,18
'C:\Users\Lucas Venezian Povoa\git\tonerscheduling\resources\1364.txt',21,21,441,4219.548,0.0,19
'C:\Users\Lucas Venezian Povoa\git\tonerscheduling\resources\1365.txt',21,21,441,4219.573,0.0,19
'C:\Users\Lucas Venezian Povoa\git\tonerscheduling\resources\1366.txt',21,21,441,4219.605,0.0,18
'C:\Users\Lucas Venezian Povoa\git\tonerscheduling\resources\1367.txt',26,26,676,4219.643,0.0,14
'C:\Users\Lucas Venezian Povoa\git\tonerscheduling\resources\1368.txt',51,51,2601,4219.696,0.0,38
'C:\Users\Lucas Venezian Povoa\git\tonerscheduling\resources\1369.txt',76,76,5776,4219.753,0.0,59
'C:\Users\Lucas Venezian Povoa\git\tonerscheduling\resources\137.txt',21,11,231,4219.761,0.0,10
'C:\Users\Lucas Venezian Povoa\git\tonerscheduling\resources\1370.txt',101,101,10201,4219.874,0.0,85
'C:\Users\Lucas Venezian Povoa\git\tonerscheduling\resources\138.txt',21,20,420,4219.9,0.0,15
'C:\Users\Lucas Venezian Povoa\git\tonerscheduling\resources\139.txt',21,19,399,4219.953,0.0,13
'C:\Users\Lucas Venezian Povoa\git\tonerscheduling\resources\14.txt',21,11,231,4219.969,0.0,10
'C:\Users\Lucas Venezian Povoa\git\tonerscheduling\resources\140.txt',21,20,420,4220.005,0.0,15
'C:\Users\Lucas Venezian Povoa\git\tonerscheduling\resources\141.txt',21,20,420,4220.026,0.0,17
'C:\Users\Lucas Venezian Povoa\git\tonerscheduling\resources\142.txt',21,18,378,4220.042,0.0,15
'C:\Users\Lucas Venezian Povoa\git\tonerscheduling\resources\143.txt',21,19,399,4220.072,0.0,14
'C:\Users\Lucas Venezian Povoa\git\tonerscheduling\resources\144.txt',21,19,399,4220.103,0.0,12
'C:\Users\Lucas Venezian Povoa\git\tonerscheduling\resources\145.txt',21,18,378,4220.125,0.0,12
'C:\Users\Lucas Venezian Povoa\git\tonerscheduling\resources\146.txt',21,19,399,4220.155,0.0,13
'C:\Users\Lucas Venezian Povoa\git\tonerscheduling\resources\147.txt',21,20,420,4220.179,0.0,15
'C:\Users\Lucas Venezian Povoa\git\tonerscheduling\resources\148.txt',21,31,651,4220.199,0.0,20
'C:\Users\Lucas Venezian Povoa\git\tonerscheduling\resources\149.txt',21,31,651,4220.219,0.0,14
'C:\Users\Lucas Venezian Povoa\git\tonerscheduling\resources\15.txt',21,11,231,4220.228,0.0,9
'C:\Users\Lucas Venezian Povoa\git\tonerscheduling\resources\150.txt',21,31,651,4220.248,0.0,16
'C:\Users\Lucas Venezian Povoa\git\tonerscheduling\resources\151.txt',21,31,651,4220.265,0.0,19
'C:\Users\Lucas Venezian Povoa\git\tonerscheduling\resources\152.txt',21,31,651,4220.287,0.0,20
'C:\Users\Lucas Venezian Povoa\git\tonerscheduling\resources\153.txt',21,31,651,4220.316,0.0,21
'C:\Users\Lucas Venezian Povoa\git\tonerscheduling\resources\154.txt',21,31,651,4220.34,0.0,15
'C:\Users\Lucas Venezian Povoa\git\tonerscheduling\resources\155.txt',21,31,651,4220.361,0.0,17
'C:\Users\Lucas Venezian Povoa\git\tonerscheduling\resources\156.txt',21,31,651,4220.377,0.0,16
'C:\Users\Lucas Venezian Povoa\git\tonerscheduling\resources\157.txt',21,31,651,4220.397,0.0,17
'C:\Users\Lucas Venezian Povoa\git\tonerscheduling\resources\158.txt',21,41,861,4220.412,0.0,15
'C:\Users\Lucas Venezian Povoa\git\tonerscheduling\resources\159.txt',21,41,861,4220.442,0.0,17
'C:\Users\Lucas Venezian Povoa\git\tonerscheduling\resources\16.txt',26,16,416,4220.459,0.0,15
'C:\Users\Lucas Venezian Povoa\git\tonerscheduling\resources\160.txt',21,41,861,4220.479,0.0,19
'C:\Users\Lucas Venezian Povoa\git\tonerscheduling\resources\161.txt',21,41,861,4220.506,0.0,17
'C:\Users\Lucas Venezian Povoa\git\tonerscheduling\resources\162.txt',21,41,861,4220.54,0.0,17
'C:\Users\Lucas Venezian Povoa\git\tonerscheduling\resources\163.txt',21,41,861,4220.549,0.0,19
'C:\Users\Lucas Venezian Povoa\git\tonerscheduling\resources\164.txt',21,41,861,4220.564,0.0,15
'C:\Users\Lucas Venezian Povoa\git\tonerscheduling\resources\165.txt',21,41,861,4220.577,0.0,16
'C:\Users\Lucas Venezian Povoa\git\tonerscheduling\resources\166.txt',21,41,861,4220.602,0.0,15
'C:\Users\Lucas Venezian Povoa\git\tonerscheduling\resources\167.txt',21,41,861,4220.619,0.0,17
'C:\Users\Lucas Venezian Povoa\git\tonerscheduling\resources\168.txt',21,51,1071,4220.637,0.0,18
'C:\Users\Lucas Venezian Povoa\git\tonerscheduling\resources\169.txt',21,51,1071,4220.653,0.0,17
'C:\Users\Lucas Venezian Povoa\git\tonerscheduling\resources\17.txt',26,16,416,4220.668,0.0,15
'C:\Users\Lucas Venezian Povoa\git\tonerscheduling\resources\170.txt',21,51,1071,4220.692,0.0,18
'C:\Users\Lucas Venezian Povoa\git\tonerscheduling\resources\171.txt',21,51,1071,4220.721,0.0,13
'C:\Users\Lucas Venezian Povoa\git\tonerscheduling\resources\172.txt',21,51,1071,4220.752,0.0,16
'C:\Users\Lucas Venezian Povoa\git\tonerscheduling\resources\173.txt',21,51,1071,4220.775,0.0,15
'C:\Users\Lucas Venezian Povoa\git\tonerscheduling\resources\174.txt',21,51,1071,4220.797,0.0,20
'C:\Users\Lucas Venezian Povoa\git\tonerscheduling\resources\175.txt',21,51,1071,4220.815,0.0,15
'C:\Users\Lucas Venezian Povoa\git\tonerscheduling\resources\176.txt',21,51,1071,4220.839,0.0,20
'C:\Users\Lucas Venezian Povoa\git\tonerscheduling\resources\177.txt',21,51,1071,4220.864,0.0,20
'C:\Users\Lucas Venezian Povoa\git\tonerscheduling\resources\178.txt',26,11,286,4220.873,0.0,10
'C:\Users\Lucas Venezian Povoa\git\tonerscheduling\resources\179.txt',26,11,286,4220.882,0.0,9
'C:\Users\Lucas Venezian Povoa\git\tonerscheduling\resources\18.txt',31,21,651,4220.904,0.0,20
'C:\Users\Lucas Venezian Povoa\git\tonerscheduling\resources\180.txt',26,11,286,4220.913,0.0,9
'C:\Users\Lucas Venezian Povoa\git\tonerscheduling\resources\181.txt',26,11,286,4220.922,0.0,9
'C:\Users\Lucas Venezian Povoa\git\tonerscheduling\resources\182.txt',26,11,286,4220.929,0.0,10
'C:\Users\Lucas Venezian Povoa\git\tonerscheduling\resources\183.txt',26,11,286,4220.936,0.0,9
'C:\Users\Lucas Venezian Povoa\git\tonerscheduling\resources\184.txt',26,11,286,4220.945,0.0,10
'C:\Users\Lucas Venezian Povoa\git\tonerscheduling\resources\185.txt',26,11,286,4220.952,0.0,10
'C:\Users\Lucas Venezian Povoa\git\tonerscheduling\resources\186.txt',26,11,286,4220.962,0.0,9
'C:\Users\Lucas Venezian Povoa\git\tonerscheduling\resources\187.txt',26,11,286,4220.971,0.0,9
'C:\Users\Lucas Venezian Povoa\git\tonerscheduling\resources\188.txt',26,21,546,4220.994,0.0,17
'C:\Users\Lucas Venezian Povoa\git\tonerscheduling\resources\189.txt',26,21,546,4221.006,0.0,14
'C:\Users\Lucas Venezian Povoa\git\tonerscheduling\resources\19.txt',31,21,651,4221.025,0.0,20
'C:\Users\Lucas Venezian Povoa\git\tonerscheduling\resources\190.txt',26,21,546,4221.047,0.0,16
'C:\Users\Lucas Venezian Povoa\git\tonerscheduling\resources\191.txt',26,21,546,4221.063,0.0,17
'C:\Users\Lucas Venezian Povoa\git\tonerscheduling\resources\192.txt',26,21,546,4221.088,0.0,17
'C:\Users\Lucas Venezian Povoa\git\tonerscheduling\resources\193.txt',26,21,546,4221.126,0.0,16
'C:\Users\Lucas Venezian Povoa\git\tonerscheduling\resources\194.txt',26,21,546,4221.164,0.0,17
'C:\Users\Lucas Venezian Povoa\git\tonerscheduling\resources\195.txt',26,21,546,4221.183,0.0,19
'C:\Users\Lucas Venezian Povoa\git\tonerscheduling\resources\196.txt',26,21,546,4221.219,0.0,18
'C:\Users\Lucas Venezian Povoa\git\tonerscheduling\resources\197.txt',26,21,546,4221.251,0.0,15
'C:\Users\Lucas Venezian Povoa\git\tonerscheduling\resources\198.txt',26,31,806,4221.287,0.0,23
'C:\Users\Lucas Venezian Povoa\git\tonerscheduling\resources\199.txt',26,31,806,4221.323,0.0,21
'C:\Users\Lucas Venezian Povoa\git\tonerscheduling\resources\2.txt',15,9,135,4221.337,0.0,7
'C:\Users\Lucas Venezian Povoa\git\tonerscheduling\resources\20.txt',60,26,1560,4221.371,0.0,25
'C:\Users\Lucas Venezian Povoa\git\tonerscheduling\resources\200.txt',26,31,806,4221.388,0.0,20
'C:\Users\Lucas Venezian Povoa\git\tonerscheduling\resources\201.txt',26,31,806,4221.411,0.0,23
'C:\Users\Lucas Venezian Povoa\git\tonerscheduling\resources\202.txt',26,31,806,4221.435,0.0,21
'C:\Users\Lucas Venezian Povoa\git\tonerscheduling\resources\203.txt',26,31,806,4221.443,0.0,23
'C:\Users\Lucas Venezian Povoa\git\tonerscheduling\resources\204.txt',26,31,806,4221.452,0.0,19
'C:\Users\Lucas Venezian Povoa\git\tonerscheduling\resources\205.txt',26,31,806,4221.46,0.0,20
'C:\Users\Lucas Venezian Povoa\git\tonerscheduling\resources\206.txt',26,31,806,4221.469,0.0,22
'C:\Users\Lucas Venezian Povoa\git\tonerscheduling\resources\207.txt',26,31,806,4221.495,0.0,18
'C:\Users\Lucas Venezian Povoa\git\tonerscheduling\resources\208.txt',26,41,1066,4221.517,0.0,21
'C:\Users\Lucas Venezian Povoa\git\tonerscheduling\resources\209.txt',26,41,1066,4221.548,0.0,17
'C:\Users\Lucas Venezian Povoa\git\tonerscheduling\resources\21.txt',60,26,1560,4221.585,0.0,25
'C:\Users\Lucas Venezian Povoa\git\tonerscheduling\resources\210.txt',26,41,1066,4221.604,0.0,22
'C:\Users\Lucas Venezian Povoa\git\tonerscheduling\resources\211.txt',26,41,1066,4221.627,0.0,21
'C:\Users\Lucas Venezian Povoa\git\tonerscheduling\resources\212.txt',26,41,1066,4221.643,0.0,22
'C:\Users\Lucas Venezian Povoa\git\tonerscheduling\resources\213.txt',26,41,1066,4221.665,0.0,21
'C:\Users\Lucas Venezian Povoa\git\tonerscheduling\resources\214.txt',26,41,1066,4221.683,0.0,24
'C:\Users\Lucas Venezian Povoa\git\tonerscheduling\resources\215.txt',26,41,1066,4221.706,0.0,21
'C:\Users\Lucas Venezian Povoa\git\tonerscheduling\resources\216.txt',26,41,1066,4221.728,0.0,17
'C:\Users\Lucas Venezian Povoa\git\tonerscheduling\resources\217.txt',26,41,1066,4221.757,0.0,18
'C:\Users\Lucas Venezian Povoa\git\tonerscheduling\resources\218.txt',26,51,1326,4221.783,0.0,21
'C:\Users\Lucas Venezian Povoa\git\tonerscheduling\resources\219.txt',26,51,1326,4221.807,0.0,23
'C:\Users\Lucas Venezian Povoa\git\tonerscheduling\resources\220.txt',26,51,1326,4221.835,0.0,24
'C:\Users\Lucas Venezian Povoa\git\tonerscheduling\resources\221.txt',26,51,1326,4221.852,0.0,20
'C:\Users\Lucas Venezian Povoa\git\tonerscheduling\resources\222.txt',26,51,1326,4221.867,0.0,20
'C:\Users\Lucas Venezian Povoa\git\tonerscheduling\resources\223.txt',26,51,1326,4221.91,0.0,20
'C:\Users\Lucas Venezian Povoa\git\tonerscheduling\resources\224.txt',26,51,1326,4221.93,0.0,26
'C:\Users\Lucas Venezian Povoa\git\tonerscheduling\resources\225.txt',26,51,1326,4221.967,0.0,21
'C:\Users\Lucas Venezian Povoa\git\tonerscheduling\resources\226.txt',26,51,1326,4221.989,0.0,20
'C:\Users\Lucas Venezian Povoa\git\tonerscheduling\resources\227.txt',26,51,1326,4222.018,0.0,19
'C:\Users\Lucas Venezian Povoa\git\tonerscheduling\resources\228.txt',31,11,341,4222.045,0.0,10
'C:\Users\Lucas Venezian Povoa\git\tonerscheduling\resources\229.txt',31,11,341,4222.059,0.0,10
'C:\Users\Lucas Venezian Povoa\git\tonerscheduling\resources\230.txt',31,11,341,4222.078,0.0,9
'C:\Users\Lucas Venezian Povoa\git\tonerscheduling\resources\231.txt',31,11,341,4222.106,0.0,10
'C:\Users\Lucas Venezian Povoa\git\tonerscheduling\resources\232.txt',31,11,341,4222.123,0.0,10
'C:\Users\Lucas Venezian Povoa\git\tonerscheduling\resources\233.txt',31,11,341,4222.147,0.0,9
'C:\Users\Lucas Venezian Povoa\git\tonerscheduling\resources\234.txt',31,11,341,4222.181,0.0,9
'C:\Users\Lucas Venezian Povoa\git\tonerscheduling\resources\235.txt',31,11,341,4222.219,0.0,9
'C:\Users\Lucas Venezian Povoa\git\tonerscheduling\resources\236.txt',31,11,341,4222.263,0.0,10
'C:\Users\Lucas Venezian Povoa\git\tonerscheduling\resources\237.txt',31,11,341,4222.295,0.0,9
'C:\Users\Lucas Venezian Povoa\git\tonerscheduling\resources\238.txt',31,21,651,4222.315,0.0,18
'C:\Users\Lucas Venezian Povoa\git\tonerscheduling\resources\239.txt',31,21,651,4222.353,0.0,19
'C:\Users\Lucas Venezian Povoa\git\tonerscheduling\resources\240.txt',31,21,651,4222.373,0.0,19
'C:\Users\Lucas Venezian Povoa\git\tonerscheduling\resources\241.txt',31,21,651,4222.396,0.0,17
'C:\Users\Lucas Venezian Povoa\git\tonerscheduling\resources\242.txt',31,21,651,4222.416,0.0,16
'C:\Users\Lucas Venezian Povoa\git\tonerscheduling\resources\243.txt',31,21,651,4222.43,0.0,14
'C:\Users\Lucas Venezian Povoa\git\tonerscheduling\resources\244.txt',31,21,651,4222.455,0.0,18
'C:\Users\Lucas Venezian Povoa\git\tonerscheduling\resources\245.txt',31,21,651,4222.477,0.0,18
'C:\Users\Lucas Venezian Povoa\git\tonerscheduling\resources\246.txt',31,21,651,4222.498,0.0,18
'C:\Users\Lucas Venezian Povoa\git\tonerscheduling\resources\247.txt',31,21,651,4222.517,0.0,19
'C:\Users\Lucas Venezian Povoa\git\tonerscheduling\resources\248.txt',31,30,930,4222.543,0.0,25
'C:\Users\Lucas Venezian Povoa\git\tonerscheduling\resources\249.txt',31,29,899,4222.556,0.0,24
'C:\Users\Lucas Venezian Povoa\git\tonerscheduling\resources\25.txt',8,8,64,4222.559,0.0,7
'C:\Users\Lucas Venezian Povoa\git\tonerscheduling\resources\250.txt',31,30,930,4222.584,0.0,23
'C:\Users\Lucas Venezian Povoa\git\tonerscheduling\resources\251.txt',31,30,930,4222.608,0.0,23
'C:\Users\Lucas Venezian Povoa\git\tonerscheduling\resources\252.txt',31,30,930,4222.641,0.0,24
'C:\Users\Lucas Venezian Povoa\git\tonerscheduling\resources\253.txt',31,30,930,4222.658,0.0,24
'C:\Users\Lucas Venezian Povoa\git\tonerscheduling\resources\254.txt',31,29,899,4222.676,0.0,20
'C:\Users\Lucas Venezian Povoa\git\tonerscheduling\resources\255.txt',31,29,899,4222.723,0.0,23
'C:\Users\Lucas Venezian Povoa\git\tonerscheduling\resources\256.txt',31,30,930,4222.737,0.0,23
'C:\Users\Lucas Venezian Povoa\git\tonerscheduling\resources\257.txt',31,27,837,4222.754,0.0,21
'C:\Users\Lucas Venezian Povoa\git\tonerscheduling\resources\258.txt',31,41,1271,4222.779,0.0,22
'C:\Users\Lucas Venezian Povoa\git\tonerscheduling\resources\259.txt',31,41,1271,4222.804,0.0,22
'C:\Users\Lucas Venezian Povoa\git\tonerscheduling\resources\26.txt',201,201,40401,4224.303,1913.0,103
'C:\Users\Lucas Venezian Povoa\git\tonerscheduling\resources\260.txt',31,41,1271,4224.341,0.0,24
'C:\Users\Lucas Venezian Povoa\git\tonerscheduling\resources\261.txt',31,41,1271,4224.379,0.0,26
'C:\Users\Lucas Venezian Povoa\git\tonerscheduling\resources\262.txt',31,41,1271,4224.418,0.0,26
'C:\Users\Lucas Venezian Povoa\git\tonerscheduling\resources\263.txt',31,41,1271,4224.442,0.0,23
'C:\Users\Lucas Venezian Povoa\git\tonerscheduling\resources\264.txt',31,41,1271,4224.471,0.0,21
'C:\Users\Lucas Venezian Povoa\git\tonerscheduling\resources\265.txt',31,41,1271,4224.522,0.0,26
'C:\Users\Lucas Venezian Povoa\git\tonerscheduling\resources\266.txt',31,41,1271,4224.54,0.0,25
'C:\Users\Lucas Venezian Povoa\git\tonerscheduling\resources\267.txt',31,41,1271,4224.561,0.0,23
'C:\Users\Lucas Venezian Povoa\git\tonerscheduling\resources\268.txt',31,51,1581,4224.585,0.0,25
'C:\Users\Lucas Venezian Povoa\git\tonerscheduling\resources\269.txt',31,51,1581,4224.606,0.0,22
'C:\Users\Lucas Venezian Povoa\git\tonerscheduling\resources\27.txt',8,6,48,4224.611,0.0,5
'C:\Users\Lucas Venezian Povoa\git\tonerscheduling\resources\270.txt',31,51,1581,4224.652,0.0,25
'C:\Users\Lucas Venezian Povoa\git\tonerscheduling\resources\271.txt',31,51,1581,4224.679,0.0,20
'C:\Users\Lucas Venezian Povoa\git\tonerscheduling\resources\272.txt',31,51,1581,4224.728,0.0,28
'C:\Users\Lucas Venezian Povoa\git\tonerscheduling\resources\273.txt',31,51,1581,4224.76,0.0,29
'C:\Users\Lucas Venezian Povoa\git\tonerscheduling\resources\274.txt',31,51,1581,4224.779,0.0,26
'C:\Users\Lucas Venezian Povoa\git\tonerscheduling\resources\275.txt',31,51,1581,4224.794,0.0,22
'C:\Users\Lucas Venezian Povoa\git\tonerscheduling\resources\276.txt',31,51,1581,4224.817,0.0,27
'C:\Users\Lucas Venezian Povoa\git\tonerscheduling\resources\277.txt',31,51,1581,4224.838,0.0,20
'C:\Users\Lucas Venezian Povoa\git\tonerscheduling\resources\278.txt',41,11,451,4224.859,0.0,9
'C:\Users\Lucas Venezian Povoa\git\tonerscheduling\resources\279.txt',41,11,451,4224.877,0.0,10
'C:\Users\Lucas Venezian Povoa\git\tonerscheduling\resources\28.txt',11,10,110,4224.882,0.0,8
'C:\Users\Lucas Venezian Povoa\git\tonerscheduling\resources\280.txt',41,11,451,4224.927,0.0,9
'C:\Users\Lucas Venezian Povoa\git\tonerscheduling\resources\281.txt',41,11,451,4224.946,0.0,10
'C:\Users\Lucas Venezian Povoa\git\tonerscheduling\resources\282.txt',41,11,451,4225.203,0.0,10
'C:\Users\Lucas Venezian Povoa\git\tonerscheduling\resources\283.txt',41,11,451,4225.227,0.0,10
'C:\Users\Lucas Venezian Povoa\git\tonerscheduling\resources\284.txt',41,11,451,4225.248,0.0,9
'C:\Users\Lucas Venezian Povoa\git\tonerscheduling\resources\285.txt',41,11,451,4225.275,0.0,10
'C:\Users\Lucas Venezian Povoa\git\tonerscheduling\resources\286.txt',41,11,451,4225.299,0.0,10
'C:\Users\Lucas Venezian Povoa\git\tonerscheduling\resources\287.txt',41,11,451,4225.348,0.0,10
'C:\Users\Lucas Venezian Povoa\git\tonerscheduling\resources\288.txt',41,21,861,4225.384,0.0,18
'C:\Users\Lucas Venezian Povoa\git\tonerscheduling\resources\289.txt',41,21,861,4225.418,0.0,19
'C:\Users\Lucas Venezian Povoa\git\tonerscheduling\resources\29.txt',11,10,110,4225.424,0.0,8
'C:\Users\Lucas Venezian Povoa\git\tonerscheduling\resources\290.txt',41,21,861,4225.444,0.0,19
'C:\Users\Lucas Venezian Povoa\git\tonerscheduling\resources\291.txt',41,21,861,4225.507,0.0,18
'C:\Users\Lucas Venezian Povoa\git\tonerscheduling\resources\292.txt',41,21,861,4225.542,0.0,19
'C:\Users\Lucas Venezian Povoa\git\tonerscheduling\resources\293.txt',41,21,861,4225.578,0.0,18
'C:\Users\Lucas Venezian Povoa\git\tonerscheduling\resources\294.txt',41,21,861,4225.61,0.0,19
'C:\Users\Lucas Venezian Povoa\git\tonerscheduling\resources\295.txt',41,21,861,4225.63,0.0,19
'C:\Users\Lucas Venezian Povoa\git\tonerscheduling\resources\296.txt',41,21,861,4225.661,0.0,20
'C:\Users\Lucas Venezian Povoa\git\tonerscheduling\resources\297.txt',41,21,861,4225.695,0.0,19
'C:\Users\Lucas Venezian Povoa\git\tonerscheduling\resources\298.txt',41,31,1271,4225.725,0.0,25
'C:\Users\Lucas Venezian Povoa\git\tonerscheduling\resources\299.txt',41,31,1271,4225.741,0.0,26
'C:\Users\Lucas Venezian Povoa\git\tonerscheduling\resources\3.txt',51,51,2601,4225.764,0.0,49
'C:\Users\Lucas Venezian Povoa\git\tonerscheduling\resources\30.txt',11,10,110,4225.77,0.0,8
'C:\Users\Lucas Venezian Povoa\git\tonerscheduling\resources\300.txt',41,31,1271,4225.826,0.0,28
'C:\Users\Lucas Venezian Povoa\git\tonerscheduling\resources\301.txt',41,31,1271,4225.872,0.0,26
'C:\Users\Lucas Venezian Povoa\git\tonerscheduling\resources\302.txt',41,31,1271,4225.909,0.0,28
'C:\Users\Lucas Venezian Povoa\git\tonerscheduling\resources\303.txt',41,31,1271,4225.958,0.0,23
'C:\Users\Lucas Venezian Povoa\git\tonerscheduling\resources\304.txt',41,31,1271,4225.982,0.0,25
'C:\Users\Lucas Venezian Povoa\git\tonerscheduling\resources\305.txt',41,31,1271,4226.002,0.0,25
'C:\Users\Lucas Venezian Povoa\git\tonerscheduling\resources\306.txt',41,31,1271,4226.034,0.0,27
'C:\Users\Lucas Venezian Povoa\git\tonerscheduling\resources\307.txt',41,31,1271,4226.058,0.0,26
'C:\Users\Lucas Venezian Povoa\git\tonerscheduling\resources\308.txt',41,39,1599,4226.082,0.0,28
'C:\Users\Lucas Venezian Povoa\git\tonerscheduling\resources\309.txt',41,39,1599,4226.108,0.0,29
'C:\Users\Lucas Venezian Povoa\git\tonerscheduling\resources\31.txt',11,10,110,4226.114,0.0,9
'C:\Users\Lucas Venezian Povoa\git\tonerscheduling\resources\310.txt',41,39,1599,4226.146,0.0,31
'C:\Users\Lucas Venezian Povoa\git\tonerscheduling\resources\311.txt',41,38,1558,4226.173,0.0,30
'C:\Users\Lucas Venezian Povoa\git\tonerscheduling\resources\312.txt',41,40,1640,4226.215,0.0,28
'C:\Users\Lucas Venezian Povoa\git\tonerscheduling\resources\313.txt',41,40,1640,4226.245,0.0,29
'C:\Users\Lucas Venezian Povoa\git\tonerscheduling\resources\314.txt',41,39,1599,4226.29,0.0,28
'C:\Users\Lucas Venezian Povoa\git\tonerscheduling\resources\315.txt',41,39,1599,4226.323,0.0,28
'C:\Users\Lucas Venezian Povoa\git\tonerscheduling\resources\316.txt',41,39,1599,4226.36,0.0,28
'C:\Users\Lucas Venezian Povoa\git\tonerscheduling\resources\317.txt',41,38,1558,4226.38,0.0,27
'C:\Users\Lucas Venezian Povoa\git\tonerscheduling\resources\318.txt',41,51,2091,4226.399,0.0,31
'C:\Users\Lucas Venezian Povoa\git\tonerscheduling\resources\319.txt',41,51,2091,4226.436,0.0,33
'C:\Users\Lucas Venezian Povoa\git\tonerscheduling\resources\32.txt',11,10,110,4226.44,0.0,7
'C:\Users\Lucas Venezian Povoa\git\tonerscheduling\resources\320.txt',41,51,2091,4226.465,0.0,30
'C:\Users\Lucas Venezian Povoa\git\tonerscheduling\resources\321.txt',41,51,2091,4226.494,0.0,31
'C:\Users\Lucas Venezian Povoa\git\tonerscheduling\resources\322.txt',41,51,2091,4226.532,0.0,34
'C:\Users\Lucas Venezian Povoa\git\tonerscheduling\resources\323.txt',41,51,2091,4226.555,0.0,31
'C:\Users\Lucas Venezian Povoa\git\tonerscheduling\resources\324.txt',41,51,2091,4226.588,0.0,33
'C:\Users\Lucas Venezian Povoa\git\tonerscheduling\resources\325.txt',41,51,2091,4226.642,0.0,32
'C:\Users\Lucas Venezian Povoa\git\tonerscheduling\resources\326.txt',41,51,2091,4226.678,0.0,34
'C:\Users\Lucas Venezian Povoa\git\tonerscheduling\resources\327.txt',41,51,2091,4226.713,0.0,30
'C:\Users\Lucas Venezian Povoa\git\tonerscheduling\resources\328.txt',101,101,10201,4226.802,0.0,100
'C:\Users\Lucas Venezian Povoa\git\tonerscheduling\resources\329.txt',101,101,10201,4226.873,0.0,100
'C:\Users\Lucas Venezian Povoa\git\tonerscheduling\resources\33.txt',11,10,110,4226.879,0.0,7
'C:\Users\Lucas Venezian Povoa\git\tonerscheduling\resources\330.txt',101,101,10201,4226.949,0.0,98
'C:\Users\Lucas Venezian Povoa\git\tonerscheduling\resources\331.txt',101,101,10201,4227.006,0.0,99
'C:\Users\Lucas Venezian Povoa\git\tonerscheduling\resources\332.txt',101,101,10201,4227.076,0.0,99
'C:\Users\Lucas Venezian Povoa\git\tonerscheduling\resources\333.txt',101,101,10201,4227.249,0.0,56
'C:\Users\Lucas Venezian Povoa\git\tonerscheduling\resources\334.txt',101,101,10201,4227.44,59.0,55
'C:\Users\Lucas Venezian Povoa\git\tonerscheduling\resources\335.txt',101,101,10201,4227.652,27.0,52
'C:\Users\Lucas Venezian Povoa\git\tonerscheduling\resources\336.txt',101,101,10201,4227.873,6.0,55
'C:\Users\Lucas Venezian Povoa\git\tonerscheduling\resources\337.txt',101,101,10201,4228.148,15.0,54
'C:\Users\Lucas Venezian Povoa\git\tonerscheduling\resources\338.txt',101,101,10201,4228.252,0.0,83
'C:\Users\Lucas Venezian Povoa\git\tonerscheduling\resources\339.txt',101,101,10201,4228.362,0.0,81
'C:\Users\Lucas Venezian Povoa\git\tonerscheduling\resources\34.txt',11,10,110,4228.368,0.0,9
'C:\Users\Lucas Venezian Povoa\git\tonerscheduling\resources\340.txt',101,101,10201,4228.49,1.0,73
'C:\Users\Lucas Venezian Povoa\git\tonerscheduling\resources\341.txt',101,101,10201,4228.623,20.0,77
'C:\Users\Lucas Venezian Povoa\git\tonerscheduling\resources\342.txt',101,101,10201,4228.773,8.0,76
'C:\Users\Lucas Venezian Povoa\git\tonerscheduling\resources\343.txt',101,101,10201,4228.847,0.0,91
'C:\Users\Lucas Venezian Povoa\git\tonerscheduling\resources\344.txt',101,101,10201,4228.959,5.0,90
'C:\Users\Lucas Venezian Povoa\git\tonerscheduling\resources\345.txt',101,101,10201,4229.063,1.0,89
'C:\Users\Lucas Venezian Povoa\git\tonerscheduling\resources\346.txt',101,101,10201,4229.127,0.0,94
'C:\Users\Lucas Venezian Povoa\git\tonerscheduling\resources\347.txt',101,101,10201,4229.231,11.0,91
'C:\Users\Lucas Venezian Povoa\git\tonerscheduling\resources\348.txt',101,101,10201,4229.307,0.0,98
'C:\Users\Lucas Venezian Povoa\git\tonerscheduling\resources\349.txt',101,101,10201,4229.387,0.0,98
'C:\Users\Lucas Venezian Povoa\git\tonerscheduling\resources\35.txt',11,10,110,4229.393,0.0,8
'C:\Users\Lucas Venezian Povoa\git\tonerscheduling\resources\350.txt',101,101,10201,4229.46,0.0,98
'C:\Users\Lucas Venezian Povoa\git\tonerscheduling\resources\351.txt',101,101,10201,4229.528,0.0,98
'C:\Users\Lucas Venezian Povoa\git\tonerscheduling\resources\352.txt',101,101,10201,4229.601,0.0,99
'C:\Users\Lucas Venezian Povoa\git\tonerscheduling\resources\353.txt',51,101,5151,4229.642,0.0,88
'C:\Users\Lucas Venezian Povoa\git\tonerscheduling\resources\354.txt',51,101,5151,4229.674,0.0,93
'C:\Users\Lucas Venezian Povoa\git\tonerscheduling\resources\355.txt',51,101,5151,4229.711,0.0,92
'C:\Users\Lucas Venezian Povoa\git\tonerscheduling\resources\356.txt',51,101,5151,4229.788,0.0,91
'C:\Users\Lucas Venezian Povoa\git\tonerscheduling\resources\357.txt',51,101,5151,4229.83,0.0,86
'C:\Users\Lucas Venezian Povoa\git\tonerscheduling\resources\358.txt',51,101,5151,4229.904,0.0,31
'C:\Users\Lucas Venezian Povoa\git\tonerscheduling\resources\359.txt',51,101,5151,4229.973,0.0,34
'C:\Users\Lucas Venezian Povoa\git\tonerscheduling\resources\36.txt',11,10,110,4229.977,0.0,9
'C:\Users\Lucas Venezian Povoa\git\tonerscheduling\resources\360.txt',51,101,5151,4230.041,0.0,42
'C:\Users\Lucas Venezian Povoa\git\tonerscheduling\resources\361.txt',51,101,5151,4230.107,0.0,28
'C:\Users\Lucas Venezian Povoa\git\tonerscheduling\resources\362.txt',51,101,5151,4230.192,0.0,40
'C:\Users\Lucas Venezian Povoa\git\tonerscheduling\resources\363.txt',51,101,5151,4230.256,0.0,56
'C:\Users\Lucas Venezian Povoa\git\tonerscheduling\resources\364.txt',51,101,5151,4230.293,0.0,51
'C:\Users\Lucas Venezian Povoa\git\tonerscheduling\resources\365.txt',51,101,5151,4230.345,0.0,54
'C:\Users\Lucas Venezian Povoa\git\tonerscheduling\resources\366.txt',51,101,5151,4230.397,0.0,45
'C:\Users\Lucas Venezian Povoa\git\tonerscheduling\resources\367.txt',51,101,5151,4230.468,0.0,51
'C:\Users\Lucas Venezian Povoa\git\tonerscheduling\resources\368.txt',51,101,5151,4230.513,0.0,67
'C:\Users\Lucas Venezian Povoa\git\tonerscheduling\resources\369.txt',51,101,5151,4230.556,0.0,64
'C:\Users\Lucas Venezian Povoa\git\tonerscheduling\resources\37.txt',11,10,110,4230.562,0.0,7
'C:\Users\Lucas Venezian Povoa\git\tonerscheduling\resources\370.txt',51,101,5151,4230.596,0.0,74
'C:\Users\Lucas Venezian Povoa\git\tonerscheduling\resources\371.txt',51,101,5151,4230.632,0.0,74
'C:\Users\Lucas Venezian Povoa\git\tonerscheduling\resources\372.txt',51,101,5151,4230.673,0.0,67
'C:\Users\Lucas Venezian Povoa\git\tonerscheduling\resources\373.txt',51,101,5151,4230.714,0.0,74
'C:\Users\Lucas Venezian Povoa\git\tonerscheduling\resources\374.txt',51,101,5151,4230.743,0.0,81
'C:\Users\Lucas Venezian Povoa\git\tonerscheduling\resources\375.txt',51,101,5151,4230.78,0.0,82
'C:\Users\Lucas Venezian Povoa\git\tonerscheduling\resources\376.txt',51,101,5151,4230.82,0.0,85
'C:\Users\Lucas Venezian Povoa\git\tonerscheduling\resources\377.txt',51,101,5151,4230.851,0.0,76
'C:\Users\Lucas Venezian Povoa\git\tonerscheduling\resources\378.txt',1001,1001,1002001,4282.026,370183.0,981
'C:\Users\Lucas Venezian Povoa\git\tonerscheduling\resources\379.txt',1001,1001,1002001,4331.297,360480.0,978
'C:\Users\Lucas Venezian Povoa\git\tonerscheduling\resources\38.txt',11,21,231,4331.312,0.0,9
'C:\Users\Lucas Venezian Povoa\git\tonerscheduling\resources\380.txt',1001,1001,1002001,4381.57,360193.0,982
'C:\Users\Lucas Venezian Povoa\git\tonerscheduling\resources\381.txt',1001,1001,1002001,4434.901,403925.0,983
'C:\Users\Lucas Venezian Povoa\git\tonerscheduling\resources\382.txt',1001,1001,1002001,4484.051,344421.0,984
'C:\Users\Lucas Venezian Povoa\git\tonerscheduling\resources\383.txt',1001,1001,1002001,4538.039,393033.0,983
'C:\Users\Lucas Venezian Povoa\git\tonerscheduling\resources\384.txt',1001,1001,1002001,4592.831,384459.0,990
'C:\Users\Lucas Venezian Povoa\git\tonerscheduling\resources\385.txt',1001,1001,1002001,4641.605,348873.0,986
'C:\Users\Lucas Venezian Povoa\git\tonerscheduling\resources\386.txt',1001,1001,1002001,4696.296,406139.0,980
'C:\Users\Lucas Venezian Povoa\git\tonerscheduling\resources\387.txt',1001,1001,1002001,4743.854,329930.0,989
'C:\Users\Lucas Venezian Povoa\git\tonerscheduling\resources\388.txt',1001,1001,1002001,5167.787,359478.0,997
'C:\Users\Lucas Venezian Povoa\git\tonerscheduling\resources\389.txt',1001,1001,1002001,5203.947,300279.0,1000
'C:\Users\Lucas Venezian Povoa\git\tonerscheduling\resources\39.txt',11,21,231,5203.956,0.0,10
'C:\Users\Lucas Venezian Povoa\git\tonerscheduling\resources\390.txt',1001,1001,1002001,5239.128,296879.0,996
'C:\Users\Lucas Venezian Povoa\git\tonerscheduling\resources\391.txt',1001,1001,1002001,5274.148,281770.0,998
'C:\Users\Lucas Venezian Povoa\git\tonerscheduling\resources\392.txt',1001,1001,1002001,5308.107,267943.0,999
'C:\Users\Lucas Venezian Povoa\git\tonerscheduling\resources\393.txt',1001,1001,1002001,5341.643,250364.0,998
'C:\Users\Lucas Venezian Povoa\git\tonerscheduling\resources\394.txt',1001,1001,1002001,5382.311,361378.0,998
'C:\Users\Lucas Venezian Povoa\git\tonerscheduling\resources\395.txt',1001,1001,1002001,5417.972,283573.0,1000
'C:\Users\Lucas Venezian Povoa\git\tonerscheduling\resources\396.txt',1001,1001,1002001,5452.063,274060.0,998
'C:\Users\Lucas Venezian Povoa\git\tonerscheduling\resources\397.txt',1001,1001,1002001,5493.137,349759.0,997
'C:\Users\Lucas Venezian Povoa\git\tonerscheduling\resources\398.txt',1001,1001,1002001,5527.536,246448.0,1000
'C:\Users\Lucas Venezian Povoa\git\tonerscheduling\resources\399.txt',1001,1001,1002001,5563.591,269139.0,1000
'C:\Users\Lucas Venezian Povoa\git\tonerscheduling\resources\4.txt',51,51,2601,5563.631,0.0,48
'C:\Users\Lucas Venezian Povoa\git\tonerscheduling\resources\40.txt',11,21,231,5563.64,0.0,11
'C:\Users\Lucas Venezian Povoa\git\tonerscheduling\resources\400.txt',1001,1001,1002001,5602.192,243284.0,1000
'C:\Users\Lucas Venezian Povoa\git\tonerscheduling\resources\401.txt',1001,1001,1002001,5639.476,292120.0,999
'C:\Users\Lucas Venezian Povoa\git\tonerscheduling\resources\402.txt',1001,1001,1002001,5674.245,253694.0,1000
'C:\Users\Lucas Venezian Povoa\git\tonerscheduling\resources\403.txt',1001,1001,1002001,5705.604,198556.0,1000
'C:\Users\Lucas Venezian Povoa\git\tonerscheduling\resources\404.txt',1001,1001,1002001,5739.283,253229.0,1000
'C:\Users\Lucas Venezian Povoa\git\tonerscheduling\resources\405.txt',1001,1001,1002001,5773.148,245480.0,1000
'C:\Users\Lucas Venezian Povoa\git\tonerscheduling\resources\406.txt',1001,1001,1002001,5802.287,207008.0,1000
'C:\Users\Lucas Venezian Povoa\git\tonerscheduling\resources\407.txt',1001,1001,1002001,5837.554,259379.0,1000
'C:\Users\Lucas Venezian Povoa\git\tonerscheduling\resources\408.txt',1001,1001,1002001,5912.399,269665.0,525
'C:\Users\Lucas Venezian Povoa\git\tonerscheduling\resources\409.txt',1001,1001,1002001,5984.272,241992.0,533
'C:\Users\Lucas Venezian Povoa\git\tonerscheduling\resources\41.txt',11,21,231,5984.296,0.0,9
'C:\Users\Lucas Venezian Povoa\git\tonerscheduling\resources\410.txt',1001,1001,1002001,6056.552,255621.0,522
'C:\Users\Lucas Venezian Povoa\git\tonerscheduling\resources\411.txt',1001,1001,1002001,6130.312,268900.0,525
'C:\Users\Lucas Venezian Povoa\git\tonerscheduling\resources\412.txt',1001,1001,1002001,6203.801,248892.0,529
'C:\Users\Lucas Venezian Povoa\git\tonerscheduling\resources\413.txt',1001,1001,1002001,6278.877,273942.0,518
'C:\Users\Lucas Venezian Povoa\git\tonerscheduling\resources\414.txt',1001,1001,1002001,6352.076,252446.0,530
'C:\Users\Lucas Venezian Povoa\git\tonerscheduling\resources\415.txt',1001,1001,1002001,6425.901,260637.0,526
'C:\Users\Lucas Venezian Povoa\git\tonerscheduling\resources\416.txt',1001,1001,1002001,6499.498,256277.0,521
'C:\Users\Lucas Venezian Povoa\git\tonerscheduling\resources\417.txt',1001,1001,1002001,6575.277,258312.0,521
'C:\Users\Lucas Venezian Povoa\git\tonerscheduling\resources\418.txt',1001,1001,1002001,6606.63,193223.0,1000
'C:\Users\Lucas Venezian Povoa\git\tonerscheduling\resources\419.txt',1001,1001,1002001,6637.367,204635.0,1000
'C:\Users\Lucas Venezian Povoa\git\tonerscheduling\resources\42.txt',11,21,231,6637.379,0.0,8
'C:\Users\Lucas Venezian Povoa\git\tonerscheduling\resources\420.txt',1001,1001,1002001,6674.42,262086.0,999
'C:\Users\Lucas Venezian Povoa\git\tonerscheduling\resources\421.txt',1001,1001,1002001,6709.431,230871.0,1000
'C:\Users\Lucas Venezian Povoa\git\tonerscheduling\resources\422.txt',1001,1001,1002001,6739.625,200783.0,1000
'C:\Users\Lucas Venezian Povoa\git\tonerscheduling\resources\423.txt',1001,1001,1002001,6768.374,177856.0,1000
'C:\Users\Lucas Venezian Povoa\git\tonerscheduling\resources\424.txt',1001,1001,1002001,6799.692,199219.0,1000
'C:\Users\Lucas Venezian Povoa\git\tonerscheduling\resources\425.txt',1001,1001,1002001,6827.637,180971.0,1000
'C:\Users\Lucas Venezian Povoa\git\tonerscheduling\resources\426.txt',1001,1001,1002001,6860.825,214529.0,1000
'C:\Users\Lucas Venezian Povoa\git\tonerscheduling\resources\427.txt',1001,1001,1002001,6896.987,269518.0,1000
'C:\Users\Lucas Venezian Povoa\git\tonerscheduling\resources\428.txt',1001,1001,1002001,6924.769,159202.0,1000
'C:\Users\Lucas Venezian Povoa\git\tonerscheduling\resources\429.txt',1001,1001,1002001,6954.314,163939.0,1000
'C:\Users\Lucas Venezian Povoa\git\tonerscheduling\resources\43.txt',11,21,231,6954.326,0.0,8
'C:\Users\Lucas Venezian Povoa\git\tonerscheduling\resources\430.txt',1001,1001,1002001,6979.975,131172.0,1000
'C:\Users\Lucas Venezian Povoa\git\tonerscheduling\resources\431.txt',1001,1001,1002001,7005.461,119233.0,1000
'C:\Users\Lucas Venezian Povoa\git\tonerscheduling\resources\432.txt',1001,1001,1002001,7033.218,154493.0,1000
'C:\Users\Lucas Venezian Povoa\git\tonerscheduling\resources\433.txt',1001,1001,1002001,7059.529,150662.0,1000
'C:\Users\Lucas Venezian Povoa\git\tonerscheduling\resources\434.txt',1001,1001,1002001,7088.301,176556.0,1000
'C:\Users\Lucas Venezian Povoa\git\tonerscheduling\resources\435.txt',1001,1001,1002001,7117.391,178588.0,1000
'C:\Users\Lucas Venezian Povoa\git\tonerscheduling\resources\436.txt',1001,1001,1002001,7145.958,159626.0,1000
'C:\Users\Lucas Venezian Povoa\git\tonerscheduling\resources\437.txt',1001,1001,1002001,7177.979,197431.0,1000
'C:\Users\Lucas Venezian Povoa\git\tonerscheduling\resources\438.txt',1001,1001,1002001,7197.626,123711.0,1000
'C:\Users\Lucas Venezian Povoa\git\tonerscheduling\resources\439.txt',1001,1001,1002001,7218.072,107934.0,1000
'C:\Users\Lucas Venezian Povoa\git\tonerscheduling\resources\44.txt',11,21,231,7218.084,0.0,12
'C:\Users\Lucas Venezian Povoa\git\tonerscheduling\resources\440.txt',1001,1001,1002001,7237.509,98216.0,1000
'C:\Users\Lucas Venezian Povoa\git\tonerscheduling\resources\441.txt',1001,1001,1002001,7255.781,91707.0,1000
'C:\Users\Lucas Venezian Povoa\git\tonerscheduling\resources\442.txt',1001,1001,1002001,7282.458,134139.0,1000
'C:\Users\Lucas Venezian Povoa\git\tonerscheduling\resources\443.txt',1001,1001,1002001,7303.742,93136.0,1000
'C:\Users\Lucas Venezian Povoa\git\tonerscheduling\resources\444.txt',1001,1001,1002001,7329.573,155352.0,1000
'C:\Users\Lucas Venezian Povoa\git\tonerscheduling\resources\445.txt',1001,1001,1002001,7346.564,86127.0,1000
'C:\Users\Lucas Venezian Povoa\git\tonerscheduling\resources\446.txt',1001,1001,1002001,7366.198,125132.0,1000
'C:\Users\Lucas Venezian Povoa\git\tonerscheduling\resources\447.txt',1001,1001,1002001,7386.434,129976.0,1000
'C:\Users\Lucas Venezian Povoa\git\tonerscheduling\resources\448.txt',1001,1001,1002001,7407.828,129509.0,1000
'C:\Users\Lucas Venezian Povoa\git\tonerscheduling\resources\449.txt',1001,1001,1002001,7425.3,100935.0,1000
'C:\Users\Lucas Venezian Povoa\git\tonerscheduling\resources\45.txt',11,21,231,7425.308,0.0,11
'C:\Users\Lucas Venezian Povoa\git\tonerscheduling\resources\450.txt',1001,1001,1002001,7446.855,121002.0,1000
'C:\Users\Lucas Venezian Povoa\git\tonerscheduling\resources\451.txt',1001,1001,1002001,7465.405,89517.0,1000
'C:\Users\Lucas Venezian Povoa\git\tonerscheduling\resources\452.txt',1001,1001,1002001,7482.394,73978.0,1000
'C:\Users\Lucas Venezian Povoa\git\tonerscheduling\resources\453.txt',1001,1001,1002001,7503.082,132796.0,1000
'C:\Users\Lucas Venezian Povoa\git\tonerscheduling\resources\454.txt',1001,1001,1002001,7522.649,106223.0,1000
'C:\Users\Lucas Venezian Povoa\git\tonerscheduling\resources\455.txt',1001,1001,1002001,7545.154,125561.0,1000
'C:\Users\Lucas Venezian Povoa\git\tonerscheduling\resources\456.txt',1001,1001,1002001,7564.303,107804.0,1000
'C:\Users\Lucas Venezian Povoa\git\tonerscheduling\resources\457.txt',1001,1001,1002001,7583.15,105198.0,1000
'C:\Users\Lucas Venezian Povoa\git\tonerscheduling\resources\458.txt',1001,1001,1002001,7599.103,79471.0,1000
'C:\Users\Lucas Venezian Povoa\git\tonerscheduling\resources\459.txt',1001,1001,1002001,7615.21,78485.0,1000
'C:\Users\Lucas Venezian Povoa\git\tonerscheduling\resources\46.txt',11,21,231,7615.222,0.0,11
'C:\Users\Lucas Venezian Povoa\git\tonerscheduling\resources\460.txt',1001,1001,1002001,7633.346,96593.0,1000
'C:\Users\Lucas Venezian Povoa\git\tonerscheduling\resources\461.txt',1001,1001,1002001,7651.628,114239.0,1000
'C:\Users\Lucas Venezian Povoa\git\tonerscheduling\resources\462.txt',1001,1001,1002001,7670.659,108410.0,1000
'C:\Users\Lucas Venezian Povoa\git\tonerscheduling\resources\463.txt',1001,1001,1002001,7693.768,136311.0,1000
'C:\Users\Lucas Venezian Povoa\git\tonerscheduling\resources\464.txt',1001,1001,1002001,7710.826,86239.0,1000
'C:\Users\Lucas Venezian Povoa\git\tonerscheduling\resources\465.txt',1001,1001,1002001,7726.681,61772.0,1000
'C:\Users\Lucas Venezian Povoa\git\tonerscheduling\resources\466.txt',1001,1001,1002001,7743.944,84679.0,1000
'C:\Users\Lucas Venezian Povoa\git\tonerscheduling\resources\467.txt',1001,1001,1002001,7766.005,135624.0,1000
'C:\Users\Lucas Venezian Povoa\git\tonerscheduling\resources\468.txt',1001,1001,1002001,7780.871,60301.0,1000
'C:\Users\Lucas Venezian Povoa\git\tonerscheduling\resources\469.txt',1001,1001,1002001,7796.121,62935.0,1000
'C:\Users\Lucas Venezian Povoa\git\tonerscheduling\resources\47.txt',11,21,231,7796.132,0.0,9
'C:\Users\Lucas Venezian Povoa\git\tonerscheduling\resources\470.txt',1001,1001,1002001,7811.646,64893.0,1000
'C:\Users\Lucas Venezian Povoa\git\tonerscheduling\resources\471.txt',1001,1001,1002001,7828.979,81744.0,1000
'C:\Users\Lucas Venezian Povoa\git\tonerscheduling\resources\472.txt',1001,1001,1002001,7844.954,74889.0,1000
'C:\Users\Lucas Venezian Povoa\git\tonerscheduling\resources\473.txt',1001,1001,1002001,7862.34,79301.0,1000
'C:\Users\Lucas Venezian Povoa\git\tonerscheduling\resources\474.txt',1001,1001,1002001,7875.831,44455.0,1000
'C:\Users\Lucas Venezian Povoa\git\tonerscheduling\resources\475.txt',1001,1001,1002001,7891.043,60373.0,1000
'C:\Users\Lucas Venezian Povoa\git\tonerscheduling\resources\476.txt',1001,1001,1002001,7904.803,51683.0,1000
'C:\Users\Lucas Venezian Povoa\git\tonerscheduling\resources\477.txt',1001,1001,1002001,7921.123,83660.0,1000
'C:\Users\Lucas Venezian Povoa\git\tonerscheduling\resources\478.txt',1001,1001,1002001,7987.275,344690.0,740
'C:\Users\Lucas Venezian Povoa\git\tonerscheduling\resources\479.txt',1001,1001,1002001,8052.936,349667.0,724
'C:\Users\Lucas Venezian Povoa\git\tonerscheduling\resources\48.txt',11,31,341,8052.956,0.0,11
'C:\Users\Lucas Venezian Povoa\git\tonerscheduling\resources\480.txt',1001,1001,1002001,8118.791,324851.0,736
'C:\Users\Lucas Venezian Povoa\git\tonerscheduling\resources\481.txt',1001,1001,1002001,8184.01,324143.0,743
'C:\Users\Lucas Venezian Povoa\git\tonerscheduling\resources\482.txt',1001,1001,1002001,8246.825,344306.0,763
